LAT,LON,VT,GH_850,T_850,RH_850,U_850,V_850,TP_850,CAPE_850,GH_500,T_500,RH_500,U_500,V_500,TP_500,CAPE_500
12.3,76.64,2026-06-02,1497,296.95,84.0,12.1,-2.2,31.5,2455,5860,268.25,59.8,-5.5,0.5,32.4,839
12.3,76.64,2026-06-03,1485,296.54999999999995,85.2,-9.8,-3.5,0.2,2119,5857,273.04999999999995,55.7,12.3,4.5,22.6,1159
12.87,74.88,2026-06-02,1464,291.84999999999997,81.0,-5.0,8.4,25.3,2123,5791,269.95,76.3,-3.2,4.7,15.9,1482
12.87,74.88,2026-06-03,1485,296.84999999999997,85.0,7.4,8.2,13.3,995,5750,269.45,49.8,-5.8,-1.7,18.2,2053
12.97,77.59,2026-06-02,1501,296.84999999999997,88.3,5.0,-2.7,2.6,2335,5874,271.25,55.3,14.6,2.0,30.6,2414
12.97,77.59,2026-06-03,1479,292.45,74.5,-5.4,-0.4,19.4,674,5789,268.65,67.4,1.0,-3.2,1.5,2453
15.31,75.12,2026-06-02,1503,294.45,74.6,14.2,6.6,40.3,1015,5835,271.75,70.9,-8.1,0.4,38.8,2063
15.31,75.12,2026-06-03,1502,294.65,94.1,5.2,-0.9,7.4,1567,5736,271.75,65.5,12.2,2.1,32.1,1228
15.85,74.5,2026-06-02,1505,291.34999999999997,85.2,2.6,-4.2,40.9,1861,5792,272.45,53.0,-4.5,5.7,15.7,1934
15.85,74.5,2026-06-03,1517,291.65,79.2,-3.9,7.0,44.3,2130,5828,271.54999999999995,69.4,-4.8,3.1,10.3,2391
