PL,LAT,LON,FST,VT,GH,T,RH,U,V,SP,TP,CAPE,T2M,RH2M,PW,WEATHER_REGIME,OBS_RAINFALL
850,12.97,77.59,2026-06-01 00:00:00,2026-06-02 00:00:00,1501,23.7,88.3,5.0,-2.7,917.2,2.6,2335,27.0,69.3,49.5,Weak_Monsoon,0.0
850,12.97,77.59,2026-06-01 00:00:00,2026-06-03 00:00:00,1479,19.3,74.5,-5.4,-0.4,957.7,19.4,674,29.5,69.2,38.8,Normal_Monsoon,18.1
500,12.97,77.59,2026-06-01 00:00:00,2026-06-02 00:00:00,5874,-1.9,55.3,14.6,2.0,994.6,30.6,2414,24.1,93.3,46.9,Active_Monsoon,29.5
500,12.97,77.59,2026-06-01 00:00:00,2026-06-03 00:00:00,5789,-4.5,67.4,1.0,-3.2,954.5,1.5,2453,27.5,70.5,52.7,Weak_Monsoon,0.8
850,15.31,75.12,2026-06-01 00:00:00,2026-06-02 00:00:00,1503,21.3,74.6,14.2,6.6,1003.3,40.3,1015,26.9,82.1,45.6,Active_Monsoon,44.9
850,15.31,75.12,2026-06-01 00:00:00,2026-06-03 00:00:00,1502,21.5,94.1,5.2,-0.9,932.6,7.4,1567,27.6,73.8,30.4,Normal_Monsoon,4.4
500,15.31,75.12,2026-06-01 00:00:00,2026-06-02 00:00:00,5835,-1.4,70.9,-8.1,0.4,912.7,38.8,2063,28.0,67.9,41.1,Active_Monsoon,40.5
500,15.31,75.12,2026-06-01 00:00:00,2026-06-03 00:00:00,5736,-1.4,65.5,12.2,2.1,913.2,32.1,1228,29.1,88.1,44.8,Active_Monsoon,32.3
850,12.87,74.88,2026-06-01 00:00:00,2026-06-02 00:00:00,1464,18.7,81.0,-5.0,8.4,952.3,25.3,2123,32.2,72.5,42.3,Active_Monsoon,27.9
850,12.87,74.88,2026-06-01 00:00:00,2026-06-03 00:00:00,1485,23.7,85.0,7.4,8.2,968.7,13.3,995,31.2,70.6,56.8,Normal_Monsoon,13.7
500,12.87,74.88,2026-06-01 00:00:00,2026-06-02 00:00:00,5791,-3.2,76.3,-3.2,4.7,900.1,15.9,1482,24.1,80.3,42.5,Normal_Monsoon,13.1
500,12.87,74.88,2026-06-01 00:00:00,2026-06-03 00:00:00,5750,-3.7,49.8,-5.8,-1.7,961.4,18.2,2053,32.7,93.9,37.6,Normal_Monsoon,18.2
850,15.85,74.5,2026-06-01 00:00:00,2026-06-02 00:00:00,1505,18.2,85.2,2.6,-4.2,930.7,40.9,1861,25.3,79.7,59.6,Active_Monsoon,38.3
850,15.85,74.5,2026-06-01 00:00:00,2026-06-03 00:00:00,1517,18.5,79.2,-3.9,7.0,951.7,44.3,2130,31.3,89.0,34.5,Active_Monsoon,44.4
500,15.85,74.5,2026-06-01 00:00:00,2026-06-02 00:00:00,5792,-0.7,53.0,-4.5,5.7,989.0,15.7,1934,25.6,85.7,41.6,Normal_Monsoon,20.1
500,15.85,74.5,2026-06-01 00:00:00,2026-06-03 00:00:00,5828,-1.6,69.4,-4.8,3.1,976.5,10.3,2391,31.4,81.7,45.9,Normal_Monsoon,7.7
850,12.3,76.64,2026-06-01 00:00:00,2026-06-02 00:00:00,1497,23.8,84.0,12.1,-2.2,930.7,31.5,2455,32.1,91.6,53.4,Active_Monsoon,32.9
850,12.3,76.64,2026-06-01 00:00:00,2026-06-03 00:00:00,1485,23.4,85.2,-9.8,-3.5,973.0,0.2,2119,26.7,79.6,43.5,Weak_Monsoon,5.1
500,12.3,76.64,2026-06-01 00:00:00,2026-06-02 00:00:00,5860,-4.9,59.8,-5.5,0.5,981.9,32.4,839,29.1,67.8,41.0,Active_Monsoon,30.1
500,12.3,76.64,2026-06-01 00:00:00,2026-06-03 00:00:00,5857,-0.1,55.7,12.3,4.5,987.4,22.6,1159,31.8,71.9,45.0,Active_Monsoon,23.3
