LAT,LON,VT,GH_850,T_850,RH_850,U_850,V_850,TP_850,CAPE_850,WEATHER_REGIME,OBS_RAINFALL,GH_500,T_500,RH_500,U_500,V_500,TP_500,CAPE_500
12.9716,77.5946,2021-01-02,1493.09,299.64,77.58,-3.56,2.28,3.16,904.21,ACTIVE,3.63,5407.59,266.44,64.11,-6.62,-1.25,0.0,625.7
12.2958,76.6394,2021-01-02,1529.89,296.26,63.43,-0.72,1.44,0.0,650.28,NORMAL,0.1,5483.82,265.09,62.19,6.11,-3.88,0.0,0.0
12.9141,74.856,2021-01-02,1544.09,299.81,89.92,1.42,-0.2,5.82,212.06,COASTAL_OROGRAPHIC,6.51,5461.49,270.12,34.85,4.91,4.55,0.0,137.75
15.3647,75.124,2021-01-02,1548.78,299.14,51.51,1.11,-0.64,0.0,55.09,COASTAL_OROGRAPHIC,0.0,5435.49,269.23,79.45,9.48,2.35,0.0,131.84
17.3297,76.8343,2021-01-02,1500.95,304.86,33.71,9.39,-1.07,0.0,74.91,DEPRESSION,0.0,5517.56,276.27,69.29,-1.51,-0.31,0.0,0.0
12.9716,77.5946,2021-01-17,1517.28,290.18,44.44,0.29,-2.21,0.0,120.2,NORMAL,0.0,5332.65,268.09,49.56,2.3,10.85,0.0,115.08
12.2958,76.6394,2021-01-17,1442.51,300.45,79.51,5.96,-2.64,2.02,0.0,ACTIVE,2.47,5443.37,265.18,32.65,10.53,4.49,0.0,81.72
12.9141,74.856,2021-01-17,1577.5,296.39,90.89,0.06,-2.54,2.39,722.45,COASTAL_OROGRAPHIC,2.8,5479.41,268.18,88.32,3.3,4.13,3.47,0.0
15.3647,75.124,2021-01-17,1464.28,299.03,30.33,2.87,-3.87,0.0,166.26,COASTAL_OROGRAPHIC,0.1,5417.93,271.63,72.23,4.12,4.76,0.0,558.34
17.3297,76.8343,2021-01-17,1488.02,304.79,54.71,2.07,6.81,0.0,236.01,NORMAL,0.0,5486.27,272.28,29.74,0.88,3.86,0.0,96.36
12.9716,77.5946,2021-02-01,1474.35,295.37,66.19,2.87,2.54,0.0,561.49,ACTIVE,0.0,5606.62,270.77,75.66,-4.89,-2.75,7.09,705.51
12.2958,76.6394,2021-02-01,1556.78,299.86,75.63,3.16,1.7,0.0,0.0,ACTIVE,0.0,5535.73,262.78,68.4,-0.36,5.36,0.0,68.9
12.9141,74.856,2021-02-01,1592.17,306.32,71.43,-8.13,1.75,0.0,840.97,DEPRESSION,0.1,5434.67,267.73,65.7,6.73,6.07,0.0,1160.54
15.3647,75.124,2021-02-01,1464.62,301.95,30.94,0.81,8.49,0.0,53.37,COASTAL_OROGRAPHIC,0.1,5356.99,273.05,71.28,1.36,-0.86,6.71,1439.2
17.3297,76.8343,2021-02-01,1503.04,301.54,52.22,2.57,3.65,0.0,38.11,NORMAL,0.0,5489.15,273.47,69.79,3.4,-1.49,0.0,302.8
12.9716,77.5946,2021-02-16,1572.63,301.01,87.04,6.06,3.52,3.94,275.93,ACTIVE,4.37,5479.78,269.79,85.8,9.76,-0.76,8.64,604.65
12.2958,76.6394,2021-02-16,1542.7,297.43,30.7,3.62,0.48,0.0,129.76,BREAK,0.0,5380.33,271.76,78.9,5.12,3.51,0.0,141.1
12.9141,74.856,2021-02-16,1483.93,296.67,39.29,5.07,6.43,0.0,110.19,COASTAL_OROGRAPHIC,0.0,5359.25,264.81,82.83,-1.32,6.44,8.84,1128.01
15.3647,75.124,2021-02-16,1497.59,296.1,37.72,3.61,-2.31,0.0,176.64,COASTAL_OROGRAPHIC,0.1,5545.77,267.12,92.61,3.12,1.05,14.42,190.8
17.3297,76.8343,2021-02-16,1461.63,308.61,52.14,1.45,4.91,0.0,139.2,NORMAL,0.1,5515.04,269.87,73.59,-7.56,2.45,0.0,888.21
12.9716,77.5946,2021-03-03,1485.89,297.93,82.69,-6.57,6.42,0.0,995.13,DEPRESSION,0.1,5504.7,268.17,79.98,0.43,-5.4,2.57,714.2
12.2958,76.6394,2021-03-03,1602.37,298.88,80.2,7.9,1.27,7.46,1202.14,ACTIVE,8.14,5636.86,270.09,75.77,-0.17,-0.37,0.0,1077.74
12.9141,74.856,2021-03-03,1566.72,297.69,70.44,-6.52,0.78,0.39,486.92,COASTAL_OROGRAPHIC,0.55,5406.01,270.25,41.82,5.74,-0.16,0.0,84.03
15.3647,75.124,2021-03-03,1460.36,296.56,41.51,-5.17,0.23,0.0,0.0,COASTAL_OROGRAPHIC,0.1,5521.4,266.05,86.78,6.26,-1.48,0.0,731.8
17.3297,76.8343,2021-03-03,1390.39,300.27,61.11,4.88,2.25,0.0,947.83,NORMAL,0.0,5409.55,269.72,40.75,-1.23,-3.33,0.0,144.08
12.9716,77.5946,2021-03-18,1550.73,305.27,78.45,-3.19,0.24,2.19,0.0,ACTIVE,2.5,5556.3,263.95,36.62,-0.29,-1.5,0.0,79.33
12.2958,76.6394,2021-03-18,1458.45,298.3,56.68,3.95,0.66,0.0,113.68,NORMAL,0.1,5575.14,268.45,67.15,6.67,-2.05,0.0,99.18
12.9141,74.856,2021-03-18,1454.78,299.93,48.76,-3.7,2.07,0.0,19.45,COASTAL_OROGRAPHIC,0.0,5442.31,272.17,46.55,7.53,4.09,0.0,221.69
15.3647,75.124,2021-03-18,1469.8,299.26,90.99,4.44,7.32,4.93,545.49,COASTAL_OROGRAPHIC,5.61,5603.49,269.78,64.0,6.36,-0.3,0.0,336.77
17.3297,76.8343,2021-03-18,1457.82,305.3,47.65,3.63,0.12,0.0,0.0,BREAK,0.0,5556.89,272.65,38.42,3.69,-0.66,0.0,213.53
12.9716,77.5946,2021-04-02,1459.15,294.88,78.36,2.36,-0.91,0.0,633.46,ACTIVE,0.1,5407.78,270.42,76.8,8.93,5.03,0.0,612.39
12.2958,76.6394,2021-04-02,1632.18,298.69,69.74,2.55,3.9,0.0,589.55,NORMAL,0.0,5688.68,264.13,77.87,-2.95,0.5,1.47,937.68
12.9141,74.856,2021-04-02,1417.26,296.11,64.93,0.85,3.51,0.0,172.61,COASTAL_OROGRAPHIC,0.1,5472.73,268.41,62.39,6.02,0.37,0.0,0.0
15.3647,75.124,2021-04-02,1444.67,297.34,35.55,2.0,1.63,0.0,107.46,COASTAL_OROGRAPHIC,0.0,5445.31,266.43,32.38,14.85,-3.43,0.0,0.0
17.3297,76.8343,2021-04-02,1481.43,301.12,67.4,1.25,3.11,0.0,0.0,BREAK,0.1,5627.16,274.96,21.49,-1.52,-1.91,0.0,93.48
12.9716,77.5946,2021-04-17,1481.26,297.43,76.95,3.17,2.01,0.0,97.16,ACTIVE,0.0,5676.47,263.14,88.02,-0.61,5.2,1.46,0.0
12.2958,76.6394,2021-04-17,1584.82,291.9,49.14,6.86,0.88,0.0,167.3,NORMAL,0.1,5481.6,268.66,93.99,-4.44,1.4,1.04,720.75
12.9141,74.856,2021-04-17,1578.52,304.01,73.23,-7.2,-4.12,0.0,510.44,DEPRESSION,0.1,5359.33,267.32,48.77,8.71,-2.54,0.0,12.32
15.3647,75.124,2021-04-17,1535.02,295.57,32.03,5.04,-5.08,0.0,67.06,COASTAL_OROGRAPHIC,0.0,5677.08,268.05,74.75,-5.79,-0.6,2.93,713.04
17.3297,76.8343,2021-04-17,1488.69,298.19,49.8,3.9,3.44,0.0,154.04,NORMAL,0.0,5494.21,267.57,74.32,4.15,1.83,9.35,0.0
12.9716,77.5946,2021-05-02,1534.08,298.03,86.03,-0.33,4.55,0.0,700.41,ACTIVE,0.0,5513.5,267.37,50.49,9.23,1.79,0.0,25.72
12.2958,76.6394,2021-05-02,1502.35,300.29,81.92,-0.59,6.64,7.34,354.86,ACTIVE,8.14,5471.82,266.89,53.05,-3.03,-3.2,0.0,39.63
12.9141,74.856,2021-05-02,1489.3,302.1,91.41,13.55,-1.66,0.59,1148.44,COASTAL_OROGRAPHIC,0.73,5437.71,270.82,52.76,9.1,-1.28,0.0,123.57
15.3647,75.124,2021-05-02,1546.89,305.22,67.71,-1.06,-0.55,0.0,633.78,COASTAL_OROGRAPHIC,0.0,5374.27,262.9,46.88,1.83,8.18,0.0,111.19
17.3297,76.8343,2021-05-02,1517.16,305.77,39.13,5.41,8.39,0.0,82.04,NORMAL,0.0,5571.5,273.37,66.04,7.33,5.68,0.0,759.48
12.9716,77.5946,2021-05-17,1524.75,296.08,83.17,2.14,6.11,2.0,518.57,ACTIVE,2.46,5521.92,267.23,79.47,4.69,1.19,10.44,0.0
12.2958,76.6394,2021-05-17,1508.73,297.06,67.84,7.98,-5.09,0.0,650.88,DEPRESSION,0.0,5459.35,263.05,94.81,-5.24,-7.8,2.92,299.18
12.9141,74.856,2021-05-17,1495.04,301.1,57.28,-4.14,7.64,0.0,89.67,DEPRESSION,0.0,5644.38,265.4,86.18,4.53,0.88,4.49,407.98
15.3647,75.124,2021-05-17,1516.16,295.32,32.11,2.98,3.84,0.0,172.01,COASTAL_OROGRAPHIC,0.1,5498.57,265.93,67.83,6.2,-1.61,0.0,0.0
17.3297,76.8343,2021-05-17,1445.32,305.22,67.31,-2.83,0.81,0.0,36.65,NORMAL,0.0,5503.77,269.52,39.28,-3.01,-0.12,0.0,132.04
12.9716,77.5946,2021-06-01,1460.07,298.98,75.92,2.3,-1.59,3.26,657.39,DEPRESSION,3.76,5519.76,272.1,59.4,4.01,9.73,0.0,110.23
12.2958,76.6394,2021-06-01,1607.11,298.08,66.1,-2.67,4.01,0.0,725.71,NORMAL,0.0,5333.14,267.38,86.44,6.66,4.49,0.0,139.36
12.9141,74.856,2021-06-01,1589.04,298.83,86.77,1.14,4.53,9.17,0.0,COASTAL_OROGRAPHIC,10.12,5539.58,267.27,76.53,3.62,-0.17,7.23,479.83
15.3647,75.124,2021-06-01,1515.96,294.68,55.42,-4.47,5.64,0.0,117.33,COASTAL_OROGRAPHIC,0.1,5525.42,261.86,83.88,-5.78,-0.71,0.0,840.09
17.3297,76.8343,2021-06-01,1521.5,303.3,52.19,0.48,2.52,0.0,72.45,NORMAL,0.0,5491.93,274.35,37.39,-0.94,1.04,0.0,122.63
12.9716,77.5946,2021-06-16,1493.02,304.42,39.08,-2.69,3.58,0.0,67.46,BREAK,0.1,5549.57,270.76,91.4,1.85,9.01,1.23,623.05
12.2958,76.6394,2021-06-16,1581.56,294.88,72.33,3.51,-2.02,7.23,631.5,NORMAL,8.1,5596.41,267.42,51.26,7.23,3.28,0.0,131.77
12.9141,74.856,2021-06-16,1500.78,298.63,51.1,-4.39,-5.57,0.0,177.63,COASTAL_OROGRAPHIC,0.1,5600.98,274.08,70.27,-9.25,-1.73,0.26,950.45
15.3647,75.124,2021-06-16,1536.26,305.14,79.72,4.97,4.41,0.0,612.48,COASTAL_OROGRAPHIC,0.1,5490.17,263.07,48.52,6.85,-1.47,0.0,119.84
17.3297,76.8343,2021-06-16,1488.77,299.2,29.96,-2.85,3.2,0.0,111.11,BREAK,0.0,5555.25,272.09,64.33,-0.89,1.25,0.0,555.69
12.9716,77.5946,2021-07-01,1466.85,296.04,69.71,7.75,-0.2,0.0,800.55,NORMAL,0.1,5624.77,267.27,73.39,3.2,-2.13,0.0,4.87
12.2958,76.6394,2021-07-01,1581.17,301.82,65.54,-0.79,-4.48,0.0,1531.88,NORMAL,0.1,5610.4,271.08,94.43,4.84,7.51,0.0,418.57
12.9141,74.856,2021-07-01,1461.5,299.25,34.39,-1.11,3.81,0.0,105.43,COASTAL_OROGRAPHIC,0.1,5379.04,272.83,94.62,5.47,8.79,0.0,1190.73
15.3647,75.124,2021-07-01,1531.47,295.18,64.83,1.44,-2.62,0.0,994.44,COASTAL_OROGRAPHIC,0.1,5359.29,266.55,39.91,8.07,1.57,0.0,119.67
17.3297,76.8343,2021-07-01,1529.12,303.66,58.98,-1.93,-4.32,0.0,125.4,NORMAL,0.0,5503.13,274.66,47.33,2.41,0.6,0.0,85.49
12.9716,77.5946,2021-07-16,1488.18,296.63,56.19,4.68,-2.59,0.0,99.54,NORMAL,0.0,5469.99,275.54,79.71,2.05,-4.25,0.0,377.91
12.2958,76.6394,2021-07-16,1401.23,298.34,58.57,3.42,-2.17,0.0,35.88,BREAK,0.1,5649.07,267.51,33.78,-0.82,-0.64,0.0,64.66
12.9141,74.856,2021-07-16,1500.15,299.63,82.91,-5.67,4.65,0.0,1415.47,DEPRESSION,0.0,5468.33,272.77,77.68,-0.88,-9.36,0.83,656.72
15.3647,75.124,2021-07-16,1492.07,301.74,36.38,-3.97,0.84,0.0,56.85,COASTAL_OROGRAPHIC,0.1,5479.07,272.56,87.99,7.71,-3.48,6.19,337.31
17.3297,76.8343,2021-07-16,1539.97,302.98,53.77,2.16,-2.01,0.0,66.11,BREAK,0.0,5454.52,272.86,23.96,-4.74,-2.89,0.0,67.16
12.9716,77.5946,2021-07-31,1464.61,299.0,79.68,6.98,-2.03,0.0,1100.53,ACTIVE,0.1,5716.5,269.52,32.73,9.28,8.2,0.0,129.67
12.2958,76.6394,2021-07-31,1401.68,295.02,58.56,4.9,1.59,0.0,83.43,NORMAL,0.0,5441.69,270.73,85.99,6.19,-2.25,3.52,443.98
12.9141,74.856,2021-07-31,1501.52,300.13,90.93,4.0,-1.61,0.52,734.55,COASTAL_OROGRAPHIC,0.62,5760.17,269.87,49.34,11.06,3.49,0.0,145.01
15.3647,75.124,2021-07-31,1457.47,297.52,82.0,3.3,-4.6,0.0,1078.6,COASTAL_OROGRAPHIC,0.0,5389.37,263.8,39.68,5.61,-0.49,0.0,80.02
17.3297,76.8343,2021-07-31,1462.45,307.19,20.18,-5.63,6.05,0.0,227.91,DEPRESSION,0.1,5688.66,277.73,53.19,7.12,3.37,0.0,72.44
12.9716,77.5946,2021-08-15,1467.54,301.5,76.0,2.44,6.91,0.0,422.54,ACTIVE,0.0,5563.08,272.69,94.89,2.95,3.31,4.7,69.32
12.2958,76.6394,2021-08-15,1403.13,301.75,68.21,-0.44,-3.48,0.0,0.0,BREAK,0.0,5480.51,271.25,84.73,4.57,-1.13,0.0,0.0
12.9141,74.856,2021-08-15,1477.15,304.13,79.76,3.77,-3.39,2.35,270.62,COASTAL_OROGRAPHIC,2.74,5477.89,270.22,46.22,6.57,-2.21,0.0,86.44
15.3647,75.124,2021-08-15,1443.45,298.45,56.72,5.68,-0.13,0.0,125.8,COASTAL_OROGRAPHIC,0.0,5556.71,264.82,66.75,4.33,0.86,0.0,965.9
17.3297,76.8343,2021-08-15,1633.16,305.2,26.31,4.14,3.77,0.0,81.65,NORMAL,0.0,5494.2,268.35,72.01,4.18,4.62,2.26,96.11
12.9716,77.5946,2021-08-30,1568.74,297.6,33.38,-1.14,3.41,0.0,74.48,NORMAL,0.1,5474.76,269.12,87.17,0.2,3.05,4.39,487.23
12.2958,76.6394,2021-08-30,1499.73,295.23,72.69,-0.13,5.59,0.0,0.0,NORMAL,0.0,5628.1,266.81,89.48,-4.1,1.47,0.0,762.54
12.9141,74.856,2021-08-30,1538.05,300.04,39.89,12.31,-3.27,0.0,170.61,DEPRESSION,0.0,5643.23,272.6,40.79,1.06,4.94,0.0,229.48
15.3647,75.124,2021-08-30,1529.82,295.73,85.78,2.84,6.27,0.19,955.95,COASTAL_OROGRAPHIC,0.26,5497.71,272.04,51.79,4.73,-2.36,0.0,79.46
17.3297,76.8343,2021-08-30,1576.07,305.8,39.38,1.48,5.9,0.0,106.78,NORMAL,0.1,5520.12,270.76,29.62,-0.01,3.1,0.0,138.88
12.9716,77.5946,2021-09-14,1466.11,295.15,32.16,7.14,-4.27,0.0,133.37,DEPRESSION,0.0,5689.99,270.17,37.21,-6.52,-8.11,0.0,155.03
12.2958,76.6394,2021-09-14,1495.47,296.54,78.09,0.89,2.69,9.08,800.23,ACTIVE,9.9,5447.32,270.82,48.3,3.84,8.35,0.0,82.53
12.9141,74.856,2021-09-14,1538.96,294.33,49.49,6.75,7.84,0.0,91.56,COASTAL_OROGRAPHIC,0.0,5616.35,270.19,37.47,6.88,3.0,0.0,150.05
15.3647,75.124,2021-09-14,1482.4,302.57,69.13,1.31,4.81,0.0,1025.97,COASTAL_OROGRAPHIC,0.1,5503.02,265.25,54.99,12.85,0.3,0.0,127.57
17.3297,76.8343,2021-09-14,1490.78,301.83,39.9,-1.06,0.85,0.0,65.38,NORMAL,0.0,5433.06,269.47,48.41,0.45,-2.01,0.0,167.02
12.9716,77.5946,2021-09-29,1490.28,295.81,70.11,0.4,-2.18,0.4,508.52,NORMAL,0.6,5341.59,262.74,88.99,5.86,7.13,12.51,283.05
12.2958,76.6394,2021-09-29,1469.26,298.58,74.63,0.66,-2.56,0.0,212.34,NORMAL,0.0,5435.0,267.48,91.21,8.13,5.63,0.0,0.0
12.9141,74.856,2021-09-29,1531.83,300.29,37.84,-3.72,1.43,0.0,89.59,COASTAL_OROGRAPHIC,0.0,5573.26,263.27,77.4,6.85,2.71,2.59,1210.12
15.3647,75.124,2021-09-29,1487.5,302.33,83.46,-7.1,-1.77,1.59,968.5,COASTAL_OROGRAPHIC,1.96,5378.55,267.39,39.27,0.46,4.12,0.0,169.78
17.3297,76.8343,2021-09-29,1440.83,305.48,53.32,-4.17,-1.37,0.0,114.01,NORMAL,0.0,5452.43,272.17,73.02,-0.18,0.56,0.0,352.0
12.9716,77.5946,2021-10-14,1483.31,300.24,69.19,-5.7,-4.95,0.0,0.0,NORMAL,0.0,5550.08,270.06,58.63,-3.32,-2.49,0.0,56.75
12.2958,76.6394,2021-10-14,1511.96,294.93,58.86,0.97,10.34,0.0,144.97,DEPRESSION,0.0,5489.41,266.75,60.91,-5.62,1.96,0.0,1207.65
12.9141,74.856,2021-10-14,1481.52,301.01,91.36,1.38,-3.69,6.96,656.21,COASTAL_OROGRAPHIC,7.72,5427.47,271.07,55.13,-8.68,13.55,0.0,111.16
15.3647,75.124,2021-10-14,1574.6,299.39,92.14,1.01,0.39,6.39,953.51,COASTAL_OROGRAPHIC,7.07,5519.47,270.12,31.24,11.79,0.03,0.0,155.06
17.3297,76.8343,2021-10-14,1543.12,300.27,31.59,-0.68,4.43,0.0,135.78,NORMAL,0.0,5570.83,275.72,66.53,-1.84,1.85,0.0,490.39
12.9716,77.5946,2021-10-29,1484.6,295.77,82.54,2.15,3.43,0.47,412.22,ACTIVE,0.61,5429.04,267.67,49.19,-1.85,-2.76,0.0,90.31
12.2958,76.6394,2021-10-29,1501.16,298.39,69.23,8.8,-4.24,0.0,573.54,NORMAL,0.1,5578.22,264.83,76.41,4.38,3.02,0.0,1603.86
12.9141,74.856,2021-10-29,1479.54,297.07,70.92,-1.13,1.06,0.0,86.85,COASTAL_OROGRAPHIC,0.0,5422.25,268.33,47.58,-0.38,4.5,0.0,109.68
15.3647,75.124,2021-10-29,1599.08,297.95,55.2,9.11,4.7,0.0,161.81,COASTAL_OROGRAPHIC,0.1,5471.53,268.76,71.87,1.3,-0.8,0.0,740.48
17.3297,76.8343,2021-10-29,1492.61,300.63,62.22,8.18,-0.28,0.0,693.01,DEPRESSION,0.0,5392.81,274.16,53.43,-1.71,-0.67,0.0,140.5
12.9716,77.5946,2021-11-13,1531.92,295.45,87.86,-2.39,-4.65,6.02,547.61,ACTIVE,6.58,5259.01,270.49,68.68,1.9,-0.05,0.0,718.85
12.2958,76.6394,2021-11-13,1577.38,298.51,93.44,5.36,3.37,0.0,270.56,ACTIVE,0.0,5353.25,264.43,30.09,6.94,-4.41,0.0,133.85
12.9141,74.856,2021-11-13,1417.84,298.84,78.58,-1.48,0.84,0.0,520.65,COASTAL_OROGRAPHIC,0.0,5400.58,270.17,80.79,-3.56,1.99,0.0,956.06
15.3647,75.124,2021-11-13,1523.32,297.45,60.55,3.65,3.48,0.0,437.67,COASTAL_OROGRAPHIC,0.0,5500.68,274.22,34.96,6.21,-1.47,0.0,5.28
17.3297,76.8343,2021-11-13,1486.67,297.88,22.75,4.24,2.48,0.0,116.59,NORMAL,0.0,5433.8,272.72,73.96,4.74,-1.32,15.93,728.84
12.9716,77.5946,2021-11-28,1541.54,295.27,71.64,-2.78,2.89,0.45,642.25,NORMAL,0.68,5560.45,264.4,50.91,4.35,3.86,0.0,56.35
12.2958,76.6394,2021-11-28,1467.62,297.07,55.86,-4.72,-5.41,0.0,107.52,NORMAL,0.1,5579.06,266.1,66.66,8.89,-3.98,0.0,260.92
12.9141,74.856,2021-11-28,1534.32,297.93,91.78,-5.7,8.93,4.11,1553.69,DEPRESSION,4.55,5459.46,273.38,60.96,-5.26,0.95,0.0,645.45
15.3647,75.124,2021-11-28,1535.48,298.18,56.61,4.18,2.62,0.0,46.45,COASTAL_OROGRAPHIC,0.0,5605.25,268.48,48.36,-0.52,0.67,0.0,75.64
17.3297,76.8343,2021-11-28,1448.84,299.96,36.72,5.4,-3.6,0.0,123.13,NORMAL,0.0,5557.96,274.74,29.99,5.92,-0.01,0.0,171.12
12.9716,77.5946,2021-12-13,1519.16,303.56,40.88,4.09,6.61,0.0,24.85,NORMAL,0.0,5404.38,268.25,63.08,5.03,0.27,0.0,855.06
12.2958,76.6394,2021-12-13,1546.21,301.41,86.01,6.19,-1.47,0.0,59.94,ACTIVE,0.0,5566.87,268.13,54.73,4.27,-1.14,0.0,172.22
12.9141,74.856,2021-12-13,1528.76,301.82,65.52,11.1,1.16,0.0,607.61,DEPRESSION,0.1,5413.72,267.71,48.85,3.88,4.24,0.0,138.6
15.3647,75.124,2021-12-13,1507.17,297.04,65.68,-3.01,-3.41,0.0,0.0,COASTAL_OROGRAPHIC,0.0,5329.26,266.54,74.55,-0.16,0.35,2.13,438.61
17.3297,76.8343,2021-12-13,1475.26,306.71,25.58,-2.82,-2.83,0.0,97.57,BREAK,0.1,5438.66,276.69,58.75,-7.23,-2.72,0.0,67.5
12.9716,77.5946,2021-12-28,1435.7,301.0,92.95,-1.61,1.71,1.57,391.34,ACTIVE,1.99,5385.17,270.58,75.93,-5.87,4.7,7.05,0.0
12.2958,76.6394,2021-12-28,1536.24,303.14,74.21,0.85,0.83,0.0,705.7,ACTIVE,0.1,5398.03,269.84,93.51,-2.32,0.44,0.0,575.86
12.9141,74.856,2021-12-28,1495.66,299.2,69.86,-4.46,3.76,0.0,605.39,COASTAL_OROGRAPHIC,0.1,5412.95,267.05,46.09,1.66,-1.86,0.0,174.36
15.3647,75.124,2021-12-28,1522.63,299.37,83.49,2.38,3.97,3.79,4.94,COASTAL_OROGRAPHIC,4.26,5479.07,270.2,67.99,-6.59,2.14,0.0,392.14
17.3297,76.8343,2021-12-28,1534.65,298.13,58.8,-6.08,-7.14,0.0,109.21,DEPRESSION,0.1,5308.03,272.23,23.09,5.97,0.93,0.0,81.19
12.9716,77.5946,2022-01-12,1486.01,297.31,34.58,4.71,-3.16,0.0,108.25,BREAK,0.0,5417.46,264.89,63.48,-8.72,3.13,0.0,313.28
12.2958,76.6394,2022-01-12,1516.39,297.77,53.04,5.54,1.04,0.0,0.0,NORMAL,0.1,5548.27,270.92,85.82,0.05,7.36,2.6,643.61
12.9141,74.856,2022-01-12,1587.23,299.49,40.49,-1.55,-4.03,0.0,84.58,COASTAL_OROGRAPHIC,0.0,5440.71,268.71,45.22,7.11,9.35,0.0,6.0
15.3647,75.124,2022-01-12,1435.14,298.15,56.78,3.64,4.7,0.0,104.28,COASTAL_OROGRAPHIC,0.0,5419.39,269.45,43.41,6.29,0.06,0.0,27.57
17.3297,76.8343,2022-01-12,1461.75,302.01,50.84,9.32,4.99,0.0,187.93,DEPRESSION,0.0,5481.31,265.89,63.54,-4.6,0.19,0.0,474.59
12.9716,77.5946,2022-01-27,1547.03,297.32,65.21,-1.03,1.85,0.0,303.24,NORMAL,0.0,5352.91,264.39,34.47,-1.02,-7.82,0.0,163.74
12.2958,76.6394,2022-01-27,1575.65,298.96,34.32,4.29,6.82,0.0,139.45,BREAK,0.0,5652.62,271.37,78.25,-0.22,-0.92,8.94,685.27
12.9141,74.856,2022-01-27,1547.07,299.72,71.11,1.54,-3.87,0.0,873.29,COASTAL_OROGRAPHIC,0.1,5484.33,271.7,62.96,-2.54,7.08,0.0,912.23
15.3647,75.124,2022-01-27,1497.36,298.44,71.36,-3.88,-2.58,0.0,120.66,COASTAL_OROGRAPHIC,0.1,5562.56,269.81,79.46,-2.75,6.74,0.0,473.44
17.3297,76.8343,2022-01-27,1558.23,298.44,69.39,0.35,3.93,0.0,626.46,NORMAL,0.0,5418.87,275.63,64.37,-3.08,0.02,0.0,446.2
12.9716,77.5946,2022-02-11,1534.59,294.55,30.93,5.11,6.32,0.0,154.55,NORMAL,0.1,5675.48,273.05,94.39,0.24,7.25,0.0,1112.95
12.2958,76.6394,2022-02-11,1395.0,299.25,43.76,7.59,3.2,0.0,179.87,NORMAL,0.0,5648.17,264.97,91.21,2.01,-4.11,2.23,931.06
12.9141,74.856,2022-02-11,1518.67,295.53,75.83,11.94,-1.12,0.0,636.94,DEPRESSION,0.0,5546.33,270.39,92.46,-2.9,13.25,1.25,374.98
15.3647,75.124,2022-02-11,1555.65,292.93,33.38,1.63,-0.81,0.0,62.09,COASTAL_OROGRAPHIC,0.1,5521.19,267.65,77.93,6.48,-1.53,15.13,828.14
17.3297,76.8343,2022-02-11,1490.18,300.6,73.64,3.72,2.23,0.0,428.92,NORMAL,0.0,5453.72,267.04,63.91,-4.02,-3.17,0.0,359.23
12.9716,77.5946,2022-02-26,1516.6,297.01,52.27,1.84,-2.39,0.0,10.71,NORMAL,0.0,5501.8,264.65,70.56,1.52,-6.1,0.0,166.78
12.2958,76.6394,2022-02-26,1540.71,303.65,80.51,-0.07,4.22,19.76,554.73,ACTIVE,21.62,5492.53,273.26,62.02,8.23,0.75,0.0,353.4
12.9141,74.856,2022-02-26,1517.25,297.68,42.77,11.52,7.5,0.0,92.05,DEPRESSION,0.0,5540.21,266.47,67.11,-0.94,-2.35,0.0,284.35
15.3647,75.124,2022-02-26,1522.25,298.35,39.3,8.09,-1.05,0.0,88.47,COASTAL_OROGRAPHIC,0.1,5402.22,269.71,44.33,4.04,-0.23,0.0,55.67
17.3297,76.8343,2022-02-26,1440.81,301.72,39.32,1.84,-2.64,0.0,66.61,NORMAL,0.0,5479.42,276.92,28.5,-11.74,-1.0,0.0,169.42
12.9716,77.5946,2022-03-13,1444.5,296.35,63.19,5.84,1.86,0.0,2070.5,ACTIVE,0.0,5469.85,263.49,33.22,-0.85,2.32,0.0,137.53
12.2958,76.6394,2022-03-13,1469.25,302.44,38.16,-1.65,4.03,0.0,192.43,BREAK,0.0,5513.78,272.75,45.24,1.03,0.74,0.0,112.61
12.9141,74.856,2022-03-13,1557.34,295.63,85.13,-2.45,4.82,20.08,1089.07,COASTAL_OROGRAPHIC,21.75,5460.75,264.23,52.32,-0.34,-3.62,0.0,114.92
15.3647,75.124,2022-03-13,1418.48,297.59,73.02,6.12,4.26,5.5,566.66,COASTAL_OROGRAPHIC,6.11,5559.39,267.34,74.92,-2.12,-1.43,0.0,77.38
17.3297,76.8343,2022-03-13,1496.57,296.41,52.78,-4.05,0.05,0.0,49.57,NORMAL,0.0,5519.98,273.78,65.15,11.55,4.24,0.0,843.73
12.9716,77.5946,2022-03-28,1620.58,294.76,37.72,2.74,-1.72,0.0,204.04,NORMAL,0.1,5413.96,262.43,33.27,2.65,-0.21,0.0,88.3
12.2958,76.6394,2022-03-28,1476.44,301.4,83.35,-8.82,-0.31,0.0,292.56,DEPRESSION,0.0,5369.87,266.48,82.55,-0.06,5.62,10.48,344.59
12.9141,74.856,2022-03-28,1467.09,291.69,40.48,2.8,1.21,0.0,124.95,COASTAL_OROGRAPHIC,0.0,5515.7,270.98,73.02,0.92,-1.52,5.97,957.53
15.3647,75.124,2022-03-28,1485.56,296.75,53.07,10.67,-2.43,0.0,110.22,DEPRESSION,0.0,5470.77,264.55,87.16,-5.57,2.29,12.86,507.36
17.3297,76.8343,2022-03-28,1534.64,302.83,54.64,9.32,-1.25,0.0,117.55,DEPRESSION,0.0,5475.15,272.85,49.72,0.84,5.66,0.0,89.33
12.9716,77.5946,2022-04-12,1507.18,292.3,67.25,0.87,0.66,0.0,223.14,NORMAL,0.0,5557.99,267.76,80.91,2.37,-0.35,0.0,935.1
12.2958,76.6394,2022-04-12,1563.07,291.41,40.41,0.5,-3.84,0.0,112.57,BREAK,0.0,5534.44,264.75,45.2,4.46,-0.43,0.0,136.98
12.9141,74.856,2022-04-12,1501.55,298.6,81.18,1.55,0.85,15.21,1097.98,COASTAL_OROGRAPHIC,16.53,5473.24,270.57,54.36,-1.15,1.28,0.0,86.55
15.3647,75.124,2022-04-12,1455.17,297.82,51.93,5.39,-2.1,0.0,67.13,COASTAL_OROGRAPHIC,0.0,5510.94,264.44,67.18,5.04,3.86,0.0,432.13
17.3297,76.8343,2022-04-12,1507.9,300.98,21.91,9.84,-2.44,0.0,43.11,NORMAL,0.0,5424.76,269.14,42.62,5.81,-3.58,0.0,148.65
12.9716,77.5946,2022-04-27,1566.53,295.81,73.63,0.12,0.17,1.31,946.17,NORMAL,1.69,5676.67,264.21,57.79,5.56,-6.53,0.0,121.87
12.2958,76.6394,2022-04-27,1514.77,302.56,31.05,-2.76,-1.71,0.0,141.51,NORMAL,0.1,5668.84,270.85,69.2,5.68,8.13,0.0,290.22
12.9141,74.856,2022-04-27,1434.19,301.01,78.56,3.42,-2.95,0.26,999.85,COASTAL_OROGRAPHIC,0.53,5691.14,265.94,65.63,-0.73,-2.48,0.0,530.86
15.3647,75.124,2022-04-27,1552.94,293.14,89.62,-3.34,-0.12,0.73,914.66,COASTAL_OROGRAPHIC,1.03,5616.07,271.7,91.49,-2.41,-1.85,1.5,1074.53
17.3297,76.8343,2022-04-27,1481.1,299.52,25.19,-1.8,2.15,0.0,67.15,BREAK,0.1,5635.54,269.4,34.0,2.12,-0.2,0.0,238.3
12.9716,77.5946,2022-05-12,1575.17,293.47,45.62,0.59,-1.48,0.0,113.74,NORMAL,0.0,5533.8,271.98,51.25,-2.09,-5.53,0.0,157.09
12.2958,76.6394,2022-05-12,1448.71,298.8,75.07,7.18,4.28,3.55,933.34,ACTIVE,4.0,5326.19,266.77,70.11,0.19,2.67,1.4,107.08
12.9141,74.856,2022-05-12,1454.8,299.74,65.38,5.29,-4.08,0.0,492.21,DEPRESSION,0.1,5557.41,273.92,53.71,-0.6,9.66,0.0,53.99
15.3647,75.124,2022-05-12,1561.5,295.07,73.92,9.13,-1.32,10.65,28.62,COASTAL_OROGRAPHIC,11.78,5533.83,267.89,34.03,2.39,-7.51,0.0,51.01
17.3297,76.8343,2022-05-12,1548.0,301.51,41.3,-1.55,8.81,0.0,108.89,DEPRESSION,0.1,5445.77,279.48,52.0,-6.41,-3.1,0.0,51.77
12.9716,77.5946,2022-05-27,1465.95,298.39,68.69,3.06,5.11,0.0,274.42,NORMAL,0.0,5580.39,267.54,49.26,1.63,0.7,0.0,30.7
12.2958,76.6394,2022-05-27,1458.44,298.01,70.96,4.46,3.28,0.0,460.46,NORMAL,0.1,5246.78,269.46,67.74,2.93,2.89,0.0,466.65
12.9141,74.856,2022-05-27,1458.4,305.12,54.76,2.66,-1.36,0.0,140.37,COASTAL_OROGRAPHIC,0.1,5541.82,270.43,68.22,7.71,-1.24,0.0,585.18
15.3647,75.124,2022-05-27,1495.1,299.72,65.17,-4.72,3.02,0.0,1274.13,COASTAL_OROGRAPHIC,0.0,5385.9,270.24,35.21,-4.08,0.16,0.0,72.59
17.3297,76.8343,2022-05-27,1602.65,293.36,41.05,1.01,1.76,0.0,100.47,NORMAL,0.0,5602.35,272.62,72.79,12.52,3.39,0.0,828.39
12.9716,77.5946,2022-06-11,1505.98,293.24,53.28,6.89,-7.42,0.0,169.32,NORMAL,0.1,5550.74,268.48,77.36,-2.62,-5.39,0.0,414.62
12.2958,76.6394,2022-06-11,1497.6,300.6,34.73,-2.49,-4.25,0.0,82.59,NORMAL,0.1,5493.9,269.12,41.76,-0.99,5.31,0.0,179.96
12.9141,74.856,2022-06-11,1521.22,296.76,57.03,-9.05,5.42,0.0,100.31,COASTAL_OROGRAPHIC,0.0,5382.61,267.4,73.5,-11.14,-1.09,1.29,0.0
15.3647,75.124,2022-06-11,1516.93,293.96,78.25,1.75,0.36,0.0,1080.4,COASTAL_OROGRAPHIC,0.0,5646.65,270.21,61.73,0.01,-1.45,0.0,0.0
17.3297,76.8343,2022-06-11,1498.39,296.63,60.4,2.32,-0.44,0.0,475.26,NORMAL,0.1,5505.17,275.03,30.8,6.68,1.74,0.0,119.58
12.9716,77.5946,2022-06-26,1514.35,294.34,47.47,-1.15,-2.0,0.0,8.26,NORMAL,0.1,5370.65,268.36,43.91,-1.6,-5.25,0.0,159.13
12.2958,76.6394,2022-06-26,1557.32,301.93,90.56,5.25,-0.46,0.0,680.36,ACTIVE,0.0,5578.58,270.53,50.32,-4.75,-0.66,0.0,105.57
12.9141,74.856,2022-06-26,1552.72,301.43,92.77,-2.93,-0.14,1.28,857.86,COASTAL_OROGRAPHIC,1.62,5405.21,274.84,78.44,-0.51,-4.67,4.65,244.69
15.3647,75.124,2022-06-26,1442.15,293.63,34.06,-2.95,0.86,0.0,44.3,COASTAL_OROGRAPHIC,0.1,5542.32,266.46,74.87,2.75,2.46,2.19,0.0
17.3297,76.8343,2022-06-26,1515.62,303.27,27.55,1.36,2.36,0.0,138.77,BREAK,0.0,5587.23,275.24,57.27,4.77,-0.47,0.0,190.33
12.9716,77.5946,2022-07-11,1561.46,298.69,42.3,2.46,8.23,0.0,214.74,NORMAL,0.0,5605.74,271.8,53.59,3.81,3.43,0.0,53.59
12.2958,76.6394,2022-07-11,1458.15,295.4,91.23,6.98,-1.92,0.0,378.82,ACTIVE,0.1,5374.67,264.05,63.84,7.06,0.37,0.0,1423.17
12.9141,74.856,2022-07-11,1587.29,294.49,57.44,-1.11,3.33,0.0,153.49,COASTAL_OROGRAPHIC,0.0,5665.12,269.4,50.86,5.97,0.51,0.0,92.03
15.3647,75.124,2022-07-11,1533.98,299.59,40.91,3.61,1.67,0.0,90.92,COASTAL_OROGRAPHIC,0.0,5580.75,272.52,37.19,8.26,-0.79,0.0,1.55
17.3297,76.8343,2022-07-11,1575.21,301.51,74.39,3.61,0.96,0.87,829.31,NORMAL,1.02,5444.71,274.14,38.55,-3.32,-2.16,0.0,33.71
12.9716,77.5946,2022-07-26,1495.7,291.92,36.94,-3.28,-3.23,0.0,75.38,NORMAL,0.1,5630.33,268.69,35.06,0.99,1.88,0.0,103.43
12.2958,76.6394,2022-07-26,1419.99,293.98,65.4,4.44,-2.47,0.0,140.8,NORMAL,0.0,5542.02,265.17,65.56,0.9,-1.97,0.0,462.15
12.9141,74.856,2022-07-26,1440.8,297.96,91.61,4.02,-1.2,0.0,273.8,COASTAL_OROGRAPHIC,0.0,5586.18,269.99,82.54,0.99,-1.11,0.0,0.0
15.3647,75.124,2022-07-26,1484.48,295.25,42.78,-1.91,-3.1,0.0,183.7,COASTAL_OROGRAPHIC,0.1,5356.68,267.7,82.06,0.36,4.2,0.0,958.82
17.3297,76.8343,2022-07-26,1486.8,300.54,70.1,1.96,0.14,10.02,208.62,NORMAL,10.96,5599.61,272.57,49.4,-0.35,-0.72,0.0,129.79
12.9716,77.5946,2022-08-10,1512.15,301.0,33.22,0.8,-5.68,0.0,58.36,NORMAL,0.0,5553.63,267.96,61.79,5.49,-0.01,0.0,659.21
12.2958,76.6394,2022-08-10,1550.08,296.97,81.61,2.8,3.29,6.32,748.61,ACTIVE,6.91,5694.0,266.49,78.68,8.63,-4.63,0.94,205.29
12.9141,74.856,2022-08-10,1495.41,294.65,92.87,-2.42,-9.35,3.14,879.81,DEPRESSION,3.52,5381.25,271.41,84.54,-3.9,1.69,3.57,1111.21
15.3647,75.124,2022-08-10,1461.37,297.1,83.02,-6.23,7.02,0.0,465.1,DEPRESSION,0.1,5474.84,264.53,75.93,12.92,3.28,0.0,255.45
17.3297,76.8343,2022-08-10,1594.52,299.96,72.42,3.67,1.68,0.0,577.33,NORMAL,0.1,5625.26,279.6,53.03,0.01,-3.41,0.0,104.33
12.9716,77.5946,2022-08-25,1518.98,294.33,73.33,8.81,7.56,0.0,50.6,DEPRESSION,0.0,5422.54,273.92,58.45,4.22,-5.81,0.0,90.27
12.2958,76.6394,2022-08-25,1483.99,291.92,89.83,2.15,-0.08,0.0,1181.86,ACTIVE,0.0,5340.44,267.85,57.89,-0.44,3.53,0.0,29.72
12.9141,74.856,2022-08-25,1489.37,302.68,47.06,-0.59,0.65,0.0,28.82,COASTAL_OROGRAPHIC,0.0,5418.4,268.32,36.47,9.99,4.21,0.0,29.19
15.3647,75.124,2022-08-25,1442.26,295.26,90.1,1.89,-1.76,0.95,806.35,COASTAL_OROGRAPHIC,1.27,5781.47,270.25,36.47,8.85,-5.53,0.0,72.99
17.3297,76.8343,2022-08-25,1522.43,306.54,42.35,3.64,4.36,0.0,140.46,NORMAL,0.0,5529.72,272.72,57.2,-2.57,-1.3,0.0,180.99
12.9716,77.5946,2022-09-09,1399.63,297.06,39.62,0.55,-0.45,0.0,173.57,BREAK,0.1,5477.57,272.08,87.54,2.4,-2.44,5.85,804.13
12.2958,76.6394,2022-09-09,1439.06,295.42,75.55,4.98,-1.36,0.0,528.91,ACTIVE,0.0,5588.62,272.2,93.48,8.06,-0.97,0.0,425.25
12.9141,74.856,2022-09-09,1605.84,295.9,78.25,0.79,-6.56,0.0,84.08,COASTAL_OROGRAPHIC,0.0,5390.45,270.07,73.21,10.49,-1.72,0.0,0.0
15.3647,75.124,2022-09-09,1497.88,298.61,57.35,6.46,1.02,0.0,181.92,COASTAL_OROGRAPHIC,0.0,5448.51,261.08,92.84,-0.57,1.97,0.0,951.11
17.3297,76.8343,2022-09-09,1476.13,303.73,50.67,-7.31,1.45,0.0,95.1,NORMAL,0.0,5428.8,275.11,45.94,-0.99,-0.95,0.0,91.26
12.9716,77.5946,2022-09-24,1482.86,303.59,93.94,-2.86,4.93,1.66,56.82,ACTIVE,1.86,5593.65,267.67,64.81,-9.93,-0.98,0.0,0.0
12.2958,76.6394,2022-09-24,1530.23,293.21,48.14,2.55,-1.51,0.0,0.0,BREAK,0.0,5543.01,267.67,67.11,2.23,3.23,0.0,307.29
12.9141,74.856,2022-09-24,1483.23,295.62,93.53,1.97,5.71,0.92,707.96,COASTAL_OROGRAPHIC,1.2,5635.56,264.44,80.19,0.02,-3.52,4.61,0.0
15.3647,75.124,2022-09-24,1472.66,301.37,45.49,2.13,-5.17,0.0,209.81,COASTAL_OROGRAPHIC,0.0,5519.88,271.32,67.9,-2.18,6.7,0.0,144.89
17.3297,76.8343,2022-09-24,1437.69,299.9,69.26,1.7,2.97,0.0,0.0,NORMAL,0.1,5377.89,267.43,37.36,-8.11,0.59,0.0,51.67
12.9716,77.5946,2022-10-09,1502.29,299.02,45.7,7.8,4.89,0.0,110.16,DEPRESSION,0.0,5568.33,265.68,84.71,-5.42,0.17,0.94,0.0
12.2958,76.6394,2022-10-09,1431.72,296.88,75.76,-0.93,-3.96,12.47,473.11,ACTIVE,13.73,5410.72,264.74,62.89,4.47,2.53,0.0,902.37
12.9141,74.856,2022-10-09,1454.19,293.99,75.07,-1.81,5.15,0.0,860.21,COASTAL_OROGRAPHIC,0.0,5384.63,271.19,69.63,4.11,7.23,0.0,0.0
15.3647,75.124,2022-10-09,1551.26,304.0,63.72,-7.83,0.67,0.0,0.0,DEPRESSION,0.0,5571.59,269.36,36.9,5.25,3.33,0.0,114.22
17.3297,76.8343,2022-10-09,1604.9,300.36,49.08,2.48,-0.3,0.0,59.75,BREAK,0.0,5564.6,275.13,28.98,2.39,5.22,0.0,95.96
12.9716,77.5946,2022-10-24,1509.9,296.15,37.31,-0.03,-1.47,0.0,92.53,NORMAL,0.0,5446.73,269.12,47.88,-4.99,5.89,0.0,91.77
12.2958,76.6394,2022-10-24,1553.6,299.61,72.08,3.76,-2.49,0.0,471.34,NORMAL,0.0,5436.53,267.84,60.49,3.0,3.44,0.0,0.0
12.9141,74.856,2022-10-24,1563.27,302.52,76.5,-2.5,-3.53,0.0,162.27,COASTAL_OROGRAPHIC,0.1,5276.95,263.81,35.0,6.98,3.12,0.0,24.35
15.3647,75.124,2022-10-24,1534.01,299.81,33.17,0.94,5.72,0.0,0.0,COASTAL_OROGRAPHIC,0.1,5450.24,266.67,41.98,2.62,-1.5,0.0,70.33
17.3297,76.8343,2022-10-24,1533.1,297.5,21.46,5.74,6.59,0.0,126.02,NORMAL,0.0,5541.77,274.7,72.95,-3.73,2.86,4.6,997.29
12.9716,77.5946,2022-11-08,1522.5,300.06,48.6,-4.97,5.22,0.0,114.29,NORMAL,0.1,5498.83,270.74,43.76,4.1,-1.31,0.0,100.07
12.2958,76.6394,2022-11-08,1455.85,299.57,68.59,-2.03,5.31,0.0,22.32,NORMAL,0.0,5481.26,269.09,47.27,5.45,2.06,0.0,96.52
12.9141,74.856,2022-11-08,1486.18,297.43,39.35,1.11,-2.65,0.0,117.2,COASTAL_OROGRAPHIC,0.0,5373.88,273.19,64.92,7.9,5.58,0.0,805.54
15.3647,75.124,2022-11-08,1512.73,301.8,94.46,4.5,-2.51,0.0,244.96,COASTAL_OROGRAPHIC,0.0,5694.52,265.03,58.45,7.35,-2.09,0.0,94.26
17.3297,76.8343,2022-11-08,1488.45,303.38,54.82,-2.79,4.49,0.0,28.69,BREAK,0.1,5671.9,268.94,52.78,0.78,2.74,0.0,57.83
12.9716,77.5946,2022-11-23,1500.71,302.51,38.82,-0.53,-2.4,0.0,75.06,BREAK,0.0,5682.05,264.62,40.83,0.31,0.31,0.0,106.83
12.2958,76.6394,2022-11-23,1545.95,301.21,41.31,8.82,-4.52,0.0,69.46,NORMAL,0.0,5629.13,267.32,81.77,6.63,1.91,1.97,0.0
12.9141,74.856,2022-11-23,1466.51,296.95,77.84,2.34,-7.08,0.0,295.05,COASTAL_OROGRAPHIC,0.1,5489.42,269.1,76.67,10.34,-0.65,1.44,270.93
15.3647,75.124,2022-11-23,1560.04,297.23,46.79,3.93,4.35,0.0,0.0,COASTAL_OROGRAPHIC,0.1,5517.82,268.13,61.58,6.07,1.51,0.0,1055.61
17.3297,76.8343,2022-11-23,1431.28,301.67,33.52,0.76,3.51,0.0,131.17,BREAK,0.0,5475.23,269.75,54.26,9.41,-0.13,0.0,76.43
12.9716,77.5946,2022-12-08,1368.89,299.83,35.47,5.26,-5.53,0.0,47.24,NORMAL,0.0,5656.39,271.25,88.01,0.84,-1.31,2.77,220.2
12.2958,76.6394,2022-12-08,1475.85,293.82,31.28,-4.36,-3.99,0.0,113.54,NORMAL,0.0,5453.09,268.53,50.08,8.43,-1.5,0.0,162.17
12.9141,74.856,2022-12-08,1498.06,302.02,89.0,4.45,3.19,6.49,277.95,COASTAL_OROGRAPHIC,7.1,5382.24,269.53,67.43,5.61,1.45,0.0,707.2
15.3647,75.124,2022-12-08,1499.9,295.78,74.49,9.96,1.08,2.22,480.05,COASTAL_OROGRAPHIC,2.59,5503.4,265.78,70.74,5.84,-1.5,4.0,551.46
17.3297,76.8343,2022-12-08,1458.67,301.65,66.93,0.82,-0.63,0.0,617.99,NORMAL,0.0,5373.52,274.13,32.96,5.36,2.54,0.0,112.48
12.9716,77.5946,2022-12-23,1513.27,296.94,62.9,5.23,1.08,0.0,813.05,NORMAL,0.0,5496.62,271.78,84.08,-6.45,-2.91,0.0,377.76
12.2958,76.6394,2022-12-23,1480.01,297.35,91.7,-2.42,-1.08,0.0,345.73,ACTIVE,0.1,5295.61,265.9,92.76,-4.98,-1.83,4.13,0.0
12.9141,74.856,2022-12-23,1479.03,303.43,52.02,-4.94,2.2,0.0,120.74,COASTAL_OROGRAPHIC,0.1,5472.05,271.03,38.23,1.86,-4.31,0.0,90.06
15.3647,75.124,2022-12-23,1440.68,300.76,33.38,2.25,6.96,0.0,76.77,COASTAL_OROGRAPHIC,0.1,5507.57,265.73,31.17,1.01,-2.53,0.0,129.46
17.3297,76.8343,2022-12-23,1523.97,300.46,48.17,13.69,0.06,0.0,130.84,DEPRESSION,0.0,5594.88,274.76,27.48,0.62,2.07,0.0,58.55
12.9716,77.5946,2023-01-07,1498.18,298.72,33.64,-0.67,1.6,0.0,162.85,BREAK,0.0,5398.55,266.33,68.58,0.42,0.05,0.0,745.55
12.2958,76.6394,2023-01-07,1568.7,301.13,80.88,2.86,2.56,6.23,249.48,ACTIVE,6.93,5525.43,266.07,91.61,-2.11,-3.88,0.43,450.39
12.9141,74.856,2023-01-07,1530.19,301.16,39.97,-4.88,-4.8,0.0,77.75,COASTAL_OROGRAPHIC,0.0,5417.65,269.95,37.89,8.66,-6.44,0.0,142.83
15.3647,75.124,2023-01-07,1564.64,302.2,86.34,2.49,-2.6,1.67,823.98,COASTAL_OROGRAPHIC,1.89,5414.24,267.93,41.31,7.48,-7.77,0.0,156.12
17.3297,76.8343,2023-01-07,1509.41,301.6,73.61,2.02,5.92,0.0,0.0,NORMAL,0.1,5366.54,269.93,66.4,4.44,-0.83,0.0,646.15
12.9716,77.5946,2023-01-22,1553.0,297.56,92.83,-3.67,0.39,0.0,448.79,ACTIVE,0.1,5431.13,271.25,58.77,9.64,0.68,0.0,0.0
12.2958,76.6394,2023-01-22,1557.04,296.62,64.08,-3.99,4.55,0.0,441.12,NORMAL,0.1,5466.48,268.4,63.12,-8.5,3.73,0.0,726.71
12.9141,74.856,2023-01-22,1589.12,300.09,63.07,6.04,-2.39,0.0,318.63,COASTAL_OROGRAPHIC,0.0,5629.33,273.18,83.59,-1.67,0.43,0.0,793.42
15.3647,75.124,2023-01-22,1602.11,291.84,91.43,-0.37,1.76,0.17,415.87,COASTAL_OROGRAPHIC,0.28,5373.8,268.19,83.96,-4.18,6.02,14.19,715.37
17.3297,76.8343,2023-01-22,1465.66,308.71,50.65,-2.37,4.85,0.0,106.64,NORMAL,0.1,5497.8,265.93,44.23,4.15,4.33,0.0,114.29
12.9716,77.5946,2023-02-06,1500.97,300.28,33.11,6.7,-0.56,0.0,78.05,NORMAL,0.0,5660.76,268.24,94.24,-1.46,0.78,0.0,0.0
12.2958,76.6394,2023-02-06,1504.27,302.78,66.54,-2.97,1.54,0.0,72.3,NORMAL,0.0,5497.34,265.94,65.86,-7.1,-1.82,0.0,1181.64
12.9141,74.856,2023-02-06,1506.49,300.09,47.42,-1.83,1.27,0.0,125.08,COASTAL_OROGRAPHIC,0.1,5580.56,269.25,37.61,-3.37,1.32,0.0,226.97
15.3647,75.124,2023-02-06,1405.07,294.45,76.46,-5.91,4.27,13.91,325.54,COASTAL_OROGRAPHIC,15.18,5431.64,270.22,43.08,1.75,-2.32,0.0,133.34
17.3297,76.8343,2023-02-06,1522.68,303.33,47.97,4.91,-0.8,0.0,72.1,BREAK,0.0,5459.25,275.25,50.5,5.99,-3.71,0.0,149.5
12.9716,77.5946,2023-02-21,1499.46,295.54,66.34,-3.84,1.04,0.0,230.28,NORMAL,0.0,5597.36,270.53,53.81,-2.96,-1.21,0.0,112.8
12.2958,76.6394,2023-02-21,1407.35,294.25,66.54,4.3,1.91,0.0,0.0,NORMAL,0.1,5521.38,267.04,73.5,-2.01,-8.82,0.0,1075.53
12.9141,74.856,2023-02-21,1482.56,297.39,46.38,2.75,4.08,0.0,141.36,COASTAL_OROGRAPHIC,0.0,5506.12,271.32,50.04,3.8,3.02,0.0,74.65
15.3647,75.124,2023-02-21,1516.74,296.43,56.41,16.68,-3.29,0.0,120.79,DEPRESSION,0.1,5666.7,265.94,39.0,3.54,9.27,0.0,160.13
17.3297,76.8343,2023-02-21,1484.52,306.89,63.68,6.86,0.95,0.0,0.0,BREAK,0.1,5581.58,270.95,29.81,-0.33,-4.93,0.0,43.31
12.9716,77.5946,2023-03-08,1462.55,292.23,78.52,3.36,2.67,0.0,172.56,ACTIVE,0.0,5572.41,264.14,66.09,12.57,2.5,0.0,349.26
12.2958,76.6394,2023-03-08,1436.86,293.74,65.33,5.39,-3.32,0.0,1042.94,NORMAL,0.1,5591.04,266.33,67.13,-1.43,6.57,0.0,0.0
12.9141,74.856,2023-03-08,1484.37,298.52,76.08,3.42,2.03,0.0,432.07,COASTAL_OROGRAPHIC,0.0,5356.39,274.87,35.83,-1.28,-0.04,0.0,88.97
15.3647,75.124,2023-03-08,1504.66,300.11,30.25,7.42,1.84,0.0,99.54,COASTAL_OROGRAPHIC,0.0,5430.27,263.32,66.26,-0.69,-0.02,0.0,977.32
17.3297,76.8343,2023-03-08,1466.56,304.89,69.82,0.26,4.08,0.0,671.13,NORMAL,0.0,5497.52,272.93,23.01,0.63,-7.8,0.0,101.7
12.9716,77.5946,2023-03-23,1517.75,299.37,65.79,-0.7,4.58,0.0,138.02,NORMAL,0.0,5470.74,266.26,64.24,1.05,-4.99,0.0,378.55
12.2958,76.6394,2023-03-23,1464.1,301.37,33.38,-3.48,0.73,0.0,136.98,NORMAL,0.0,5553.88,266.58,43.88,-2.54,7.74,0.0,101.16
12.9141,74.856,2023-03-23,1435.02,298.08,59.18,-1.5,1.65,0.0,107.47,COASTAL_OROGRAPHIC,0.1,5519.67,267.26,89.09,-7.46,2.25,1.31,341.07
15.3647,75.124,2023-03-23,1557.51,293.56,85.64,-4.67,-0.13,0.0,230.23,COASTAL_OROGRAPHIC,0.0,5494.68,270.2,90.56,-0.85,-3.72,0.09,23.84
17.3297,76.8343,2023-03-23,1411.3,299.84,32.63,-4.57,4.17,0.0,117.98,NORMAL,0.0,5436.68,270.34,36.05,-0.08,-3.5,0.0,138.33
12.9716,77.5946,2023-04-07,1429.65,299.11,70.01,1.49,-0.93,2.08,903.03,NORMAL,2.54,5473.11,262.21,79.81,-7.84,0.92,2.59,599.77
12.2958,76.6394,2023-04-07,1474.99,297.03,87.36,-11.1,-4.16,2.66,0.0,DEPRESSION,3.12,5488.31,269.74,71.74,-1.56,-0.54,2.4,908.65
12.9141,74.856,2023-04-07,1467.42,298.76,65.53,9.91,-0.63,0.0,747.49,DEPRESSION,0.1,5584.18,267.7,57.91,-4.1,0.58,0.0,60.78
15.3647,75.124,2023-04-07,1424.05,301.74,32.52,4.21,-0.67,0.0,161.2,COASTAL_OROGRAPHIC,0.0,5433.85,265.91,46.28,-1.11,4.45,0.0,30.52
17.3297,76.8343,2023-04-07,1462.54,306.03,50.29,4.31,6.2,0.0,99.58,NORMAL,0.0,5595.25,268.45,52.22,-4.68,9.54,0.0,136.48
12.9716,77.5946,2023-04-22,1566.4,296.67,71.99,9.26,-1.96,0.75,485.59,NORMAL,1.02,5473.63,268.78,46.05,2.16,3.76,0.0,134.58
12.2958,76.6394,2023-04-22,1499.57,294.5,41.89,-2.9,-6.83,0.0,109.67,NORMAL,0.1,5703.62,270.67,77.99,7.84,-1.9,2.22,0.0
12.9141,74.856,2023-04-22,1519.13,296.89,53.19,7.8,2.28,0.0,134.34,COASTAL_OROGRAPHIC,0.0,5522.06,270.41,56.52,2.38,-4.54,0.0,79.28
15.3647,75.124,2023-04-22,1504.66,301.27,56.65,-1.88,0.87,0.0,40.81,COASTAL_OROGRAPHIC,0.0,5547.67,265.33,61.62,5.06,2.59,0.0,944.65
17.3297,76.8343,2023-04-22,1514.92,302.6,61.46,0.52,-4.85,0.0,732.75,DEPRESSION,0.1,5635.92,263.65,37.29,10.0,3.25,0.0,38.91
12.9716,77.5946,2023-05-07,1556.41,297.76,47.06,1.47,-5.48,0.0,143.66,NORMAL,0.0,5352.15,268.17,45.19,8.93,-0.79,0.0,136.28
12.2958,76.6394,2023-05-07,1502.3,305.64,66.39,8.42,-13.16,0.0,313.3,DEPRESSION,0.0,5465.82,265.3,63.7,-0.88,-1.95,0.0,0.0
12.9141,74.856,2023-05-07,1412.68,299.36,39.58,7.9,9.01,0.0,107.0,DEPRESSION,0.0,5561.28,268.84,30.61,-0.95,0.7,0.0,127.44
15.3647,75.124,2023-05-07,1594.94,295.83,83.26,-7.02,2.07,6.93,361.73,COASTAL_OROGRAPHIC,7.74,5538.43,267.5,88.76,4.78,-6.62,0.0,1188.86
17.3297,76.8343,2023-05-07,1439.26,300.81,46.67,-4.84,-3.43,0.0,116.67,NORMAL,0.0,5471.89,270.43,61.71,8.47,8.8,0.0,709.0
12.9716,77.5946,2023-05-22,1510.11,297.0,36.9,-4.22,0.89,0.0,89.53,NORMAL,0.0,5466.86,269.86,32.64,6.83,-1.71,0.0,112.88
12.2958,76.6394,2023-05-22,1484.06,298.47,58.78,-5.79,12.33,0.0,109.17,DEPRESSION,0.1,5369.72,269.07,43.99,-8.92,2.09,0.0,36.27
12.9141,74.856,2023-05-22,1597.11,298.83,63.32,0.35,-5.79,0.0,395.32,COASTAL_OROGRAPHIC,0.1,5474.18,278.44,40.95,3.89,3.78,0.0,0.0
15.3647,75.124,2023-05-22,1488.47,306.26,42.29,3.46,3.69,0.0,112.99,COASTAL_OROGRAPHIC,0.0,5568.42,260.84,68.27,1.29,-2.37,0.0,739.36
17.3297,76.8343,2023-05-22,1416.28,300.36,55.74,-6.82,2.16,0.0,133.3,NORMAL,0.0,5440.87,268.47,56.83,-5.28,8.46,0.0,82.44
12.9716,77.5946,2023-06-06,1471.73,295.39,35.58,-2.45,3.51,0.0,178.62,NORMAL,0.0,5436.86,267.25,73.14,-4.19,4.84,0.0,428.41
12.2958,76.6394,2023-06-06,1455.2,299.15,34.88,3.8,-2.64,0.0,51.0,NORMAL,0.0,5398.44,268.44,58.41,5.36,-5.0,0.0,183.61
12.9141,74.856,2023-06-06,1488.56,301.29,53.94,-5.0,-5.08,0.0,150.34,COASTAL_OROGRAPHIC,0.0,5531.3,261.66,62.32,1.24,5.24,0.0,344.81
15.3647,75.124,2023-06-06,1588.63,295.8,92.49,8.29,2.62,0.0,142.59,COASTAL_OROGRAPHIC,0.0,5390.1,270.09,65.29,2.82,-3.25,0.0,743.03
17.3297,76.8343,2023-06-06,1520.16,305.69,35.69,5.73,-1.71,0.0,73.2,NORMAL,0.0,5341.94,275.83,52.2,12.44,3.83,0.0,89.87
12.9716,77.5946,2023-06-21,1541.68,299.63,81.29,-3.49,-5.87,0.0,329.32,ACTIVE,0.0,5447.23,270.26,75.76,1.38,3.41,1.98,1321.53
12.2958,76.6394,2023-06-21,1506.3,302.25,77.81,-1.85,2.3,8.23,1223.63,ACTIVE,8.94,5379.84,269.03,76.44,3.2,2.95,0.0,1149.3
12.9141,74.856,2023-06-21,1471.54,303.92,63.92,4.49,4.01,0.0,10.74,COASTAL_OROGRAPHIC,0.0,5378.26,272.61,42.21,-5.49,5.57,0.0,48.64
15.3647,75.124,2023-06-21,1458.15,301.57,93.13,7.5,0.25,2.87,590.51,DEPRESSION,3.33,5486.56,270.87,78.79,14.46,-0.1,0.0,546.63
17.3297,76.8343,2023-06-21,1470.64,296.25,44.11,-1.62,-1.05,0.0,198.15,NORMAL,0.1,5581.73,274.61,59.4,0.61,9.21,0.0,105.47
12.9716,77.5946,2023-07-06,1456.95,294.11,71.78,5.75,2.56,1.12,223.23,NORMAL,1.42,5548.05,272.76,92.7,2.25,3.89,0.0,1455.19
12.2958,76.6394,2023-07-06,1475.13,300.75,34.7,0.29,3.14,0.0,107.07,NORMAL,0.0,5410.46,264.31,94.78,5.69,6.12,0.0,442.94
12.9141,74.856,2023-07-06,1467.14,295.26,59.07,3.32,0.84,0.0,104.68,COASTAL_OROGRAPHIC,0.1,5754.16,274.09,39.17,3.17,-1.87,0.0,111.53
15.3647,75.124,2023-07-06,1406.4,297.12,68.96,4.67,-1.91,0.0,0.0,COASTAL_OROGRAPHIC,0.0,5454.68,263.55,78.64,4.76,-0.38,1.76,559.1
17.3297,76.8343,2023-07-06,1574.9,305.67,35.54,-2.12,-0.01,0.0,190.83,NORMAL,0.0,5442.88,275.42,69.35,-12.16,5.64,0.0,441.63
12.9716,77.5946,2023-07-21,1455.81,303.83,77.26,-0.44,-1.46,0.0,362.17,ACTIVE,0.0,5462.41,263.7,63.54,2.72,4.49,0.0,0.0
12.2958,76.6394,2023-07-21,1403.88,300.28,36.18,0.09,-4.28,0.0,86.83,NORMAL,0.0,5652.74,265.36,86.49,-6.65,8.81,5.59,200.48
12.9141,74.856,2023-07-21,1446.18,302.4,81.37,1.8,-6.57,0.0,0.0,COASTAL_OROGRAPHIC,0.0,5602.25,264.72,93.25,-0.76,-3.39,2.3,1246.98
15.3647,75.124,2023-07-21,1467.01,297.96,65.73,-0.52,3.24,0.0,129.18,COASTAL_OROGRAPHIC,0.0,5637.01,267.35,61.89,4.33,4.16,0.0,473.21
17.3297,76.8343,2023-07-21,1468.42,304.64,22.43,-0.28,6.14,0.0,98.93,BREAK,0.0,5536.04,269.88,26.26,10.84,-3.26,0.0,128.12
12.9716,77.5946,2023-08-05,1524.89,296.34,83.42,4.53,6.63,0.0,163.98,DEPRESSION,0.0,5459.76,261.46,71.67,-3.02,-0.33,10.43,809.3
12.2958,76.6394,2023-08-05,1548.44,298.37,73.51,0.61,2.06,0.16,345.48,NORMAL,0.33,5454.39,267.92,88.18,-4.05,1.23,3.58,574.34
12.9141,74.856,2023-08-05,1534.94,296.03,58.51,5.35,3.66,0.0,88.56,COASTAL_OROGRAPHIC,0.0,5386.6,266.36,37.59,-2.35,-1.72,0.0,95.18
15.3647,75.124,2023-08-05,1548.92,292.31,79.18,6.31,-3.32,0.0,185.48,COASTAL_OROGRAPHIC,0.1,5720.42,265.7,88.12,8.17,0.97,0.0,1022.43
17.3297,76.8343,2023-08-05,1505.56,306.33,39.44,-4.41,3.87,0.0,88.2,NORMAL,0.0,5495.49,272.57,73.89,-0.16,8.23,0.0,269.5
12.9716,77.5946,2023-08-20,1531.19,301.07,55.85,-3.85,-1.88,0.0,48.1,NORMAL,0.1,5465.73,268.11,51.67,12.73,-5.18,0.0,25.04
12.2958,76.6394,2023-08-20,1428.74,300.02,68.04,0.77,-8.21,0.0,329.28,DEPRESSION,0.1,5514.12,269.34,77.43,1.14,5.39,0.8,525.8
12.9141,74.856,2023-08-20,1493.67,297.6,82.08,-4.33,2.75,4.36,485.47,COASTAL_OROGRAPHIC,4.77,5672.76,266.24,48.23,-2.51,4.24,0.0,35.72
15.3647,75.124,2023-08-20,1546.15,294.28,30.02,0.17,3.02,0.0,166.85,COASTAL_OROGRAPHIC,0.1,5435.93,267.69,92.65,-7.02,2.33,2.18,227.93
17.3297,76.8343,2023-08-20,1488.55,303.62,37.65,3.14,-5.6,0.0,56.97,NORMAL,0.0,5238.19,270.26,40.7,-0.45,0.4,0.0,191.47
12.9716,77.5946,2023-09-04,1493.59,292.45,71.48,-2.87,-2.13,10.75,261.83,NORMAL,11.79,5395.96,263.25,43.47,-5.53,-3.02,0.0,149.8
12.2958,76.6394,2023-09-04,1493.04,300.12,54.52,-4.04,4.24,0.0,75.85,BREAK,0.1,5599.33,261.94,62.93,-7.15,3.46,0.0,135.81
12.9141,74.856,2023-09-04,1537.67,298.3,65.84,-2.43,-0.33,0.0,1499.37,COASTAL_OROGRAPHIC,0.1,5519.13,266.59,65.62,6.79,3.65,0.0,652.57
15.3647,75.124,2023-09-04,1453.92,292.92,73.51,4.19,-4.48,0.0,396.78,COASTAL_OROGRAPHIC,0.0,5642.46,264.48,69.75,-3.19,6.17,0.0,1516.16
17.3297,76.8343,2023-09-04,1496.25,301.11,38.46,6.48,-5.96,0.0,158.36,NORMAL,0.0,5546.0,273.89,53.97,0.89,1.27,0.0,127.57
12.9716,77.5946,2023-09-19,1448.84,296.6,57.2,-14.27,5.78,0.0,178.33,DEPRESSION,0.1,5615.68,268.1,38.51,-2.9,3.62,0.0,95.17
12.2958,76.6394,2023-09-19,1555.61,297.83,78.38,8.09,2.92,0.1,364.63,ACTIVE,0.31,5551.63,269.9,66.04,1.33,-4.28,0.0,312.09
12.9141,74.856,2023-09-19,1451.77,295.7,64.51,0.56,1.98,0.0,0.0,COASTAL_OROGRAPHIC,0.1,5626.68,270.7,37.35,0.92,-3.71,0.0,68.89
15.3647,75.124,2023-09-19,1427.38,299.35,57.52,-4.45,1.23,0.0,121.09,COASTAL_OROGRAPHIC,0.1,5329.98,271.06,35.86,-1.94,1.81,0.0,148.13
17.3297,76.8343,2023-09-19,1530.05,302.15,71.23,7.45,10.46,0.0,409.89,DEPRESSION,0.0,5496.08,273.25,39.26,-3.45,0.43,0.0,120.53
12.9716,77.5946,2023-10-04,1461.88,296.97,37.6,0.62,-0.36,0.0,106.75,BREAK,0.0,5679.67,264.85,47.55,4.99,-3.55,0.0,83.76
12.2958,76.6394,2023-10-04,1482.78,298.92,73.78,3.73,-1.74,0.0,465.76,ACTIVE,0.1,5491.49,268.84,88.6,6.17,-1.52,0.0,0.0
12.9141,74.856,2023-10-04,1535.13,300.31,35.54,8.58,6.14,0.0,95.76,COASTAL_OROGRAPHIC,0.0,5410.27,269.24,45.05,4.38,-0.96,0.0,44.42
15.3647,75.124,2023-10-04,1465.24,292.88,48.24,5.87,1.72,0.0,70.61,COASTAL_OROGRAPHIC,0.0,5417.62,264.76,92.13,1.6,4.2,0.0,974.33
17.3297,76.8343,2023-10-04,1480.32,302.01,62.97,7.36,6.72,0.0,613.9,NORMAL,0.0,5600.09,271.92,68.3,10.72,4.44,0.0,934.55
12.9716,77.5946,2023-10-19,1421.98,294.0,36.22,-3.22,8.14,0.0,55.81,DEPRESSION,0.1,5537.99,267.01,88.33,6.06,2.33,9.57,88.83
12.2958,76.6394,2023-10-19,1425.38,293.45,48.65,5.3,-0.69,0.0,75.24,BREAK,0.1,5423.37,270.83,87.53,1.01,-5.02,4.19,465.98
12.9141,74.856,2023-10-19,1499.42,299.14,88.97,3.49,7.67,0.68,665.45,DEPRESSION,0.9,5503.35,269.05,59.35,10.39,-2.29,0.0,34.96
15.3647,75.124,2023-10-19,1500.44,301.76,31.33,-5.62,3.86,0.0,135.32,COASTAL_OROGRAPHIC,0.1,5454.61,267.88,48.8,4.69,3.21,0.0,54.62
17.3297,76.8343,2023-10-19,1454.65,299.3,49.49,-8.37,-6.04,0.0,75.77,DEPRESSION,0.1,5356.63,273.47,40.43,10.46,-8.3,0.0,79.8
12.9716,77.5946,2023-11-03,1472.82,298.14,66.02,10.83,3.01,0.0,211.71,NORMAL,0.0,5456.42,267.63,39.34,3.47,8.3,0.0,123.08
12.2958,76.6394,2023-11-03,1487.1,296.42,44.49,0.5,-4.21,0.0,141.83,NORMAL,0.0,5547.62,268.43,60.63,5.7,1.51,0.0,881.1
12.9141,74.856,2023-11-03,1584.68,299.22,34.41,6.25,3.49,0.0,37.52,COASTAL_OROGRAPHIC,0.0,5525.68,274.95,87.42,-7.92,0.82,0.0,784.42
15.3647,75.124,2023-11-03,1440.27,296.34,48.47,4.76,-1.93,0.0,18.63,COASTAL_OROGRAPHIC,0.1,5654.52,273.23,57.22,-1.17,0.61,0.0,276.45
17.3297,76.8343,2023-11-03,1527.07,300.92,38.02,1.79,-4.9,0.0,102.75,NORMAL,0.0,5402.01,271.35,29.36,-2.3,-2.56,0.0,166.97
12.9716,77.5946,2023-11-18,1540.32,296.86,72.83,-3.44,11.24,0.0,487.39,DEPRESSION,0.0,5428.28,269.45,58.42,-3.17,-0.1,0.0,100.98
12.2958,76.6394,2023-11-18,1499.52,298.89,74.63,0.57,5.6,0.0,372.88,NORMAL,0.0,5664.63,270.18,53.22,-7.19,4.59,0.0,135.13
12.9141,74.856,2023-11-18,1437.42,296.67,56.7,2.47,8.22,0.0,104.86,COASTAL_OROGRAPHIC,0.0,5512.35,269.84,72.72,-0.89,0.69,0.0,830.56
15.3647,75.124,2023-11-18,1558.2,303.89,62.87,3.5,2.05,0.0,1183.68,COASTAL_OROGRAPHIC,0.0,5432.83,267.32,54.28,4.05,-4.51,0.0,96.94
17.3297,76.8343,2023-11-18,1553.68,304.99,37.1,0.58,-1.0,0.0,99.82,NORMAL,0.0,5476.63,274.29,62.93,4.96,6.68,0.0,1036.16
12.9716,77.5946,2023-12-03,1536.6,300.77,86.71,13.22,-9.9,1.23,1001.0,DEPRESSION,1.62,5531.81,267.15,68.63,-3.78,2.29,0.0,287.25
12.2958,76.6394,2023-12-03,1512.15,296.06,88.08,-5.86,-2.73,6.96,186.96,ACTIVE,7.69,5347.77,269.53,47.85,-7.55,4.08,0.0,31.57
12.9141,74.856,2023-12-03,1413.7,299.58,59.28,2.15,-0.03,0.0,186.46,COASTAL_OROGRAPHIC,0.0,5406.08,269.86,47.87,1.34,-2.15,0.0,130.59
15.3647,75.124,2023-12-03,1562.73,300.35,71.43,0.7,1.11,11.29,1092.35,COASTAL_OROGRAPHIC,12.48,5389.21,266.36,60.98,2.69,-6.54,0.0,846.12
17.3297,76.8343,2023-12-03,1448.65,298.31,51.8,15.55,0.75,0.0,29.65,DEPRESSION,0.1,5587.91,268.38,67.94,-7.67,0.4,0.0,641.51
12.9716,77.5946,2023-12-18,1454.14,292.54,76.16,7.31,-0.73,0.0,353.94,ACTIVE,0.0,5415.86,266.84,93.44,0.51,-5.61,1.24,346.53
12.2958,76.6394,2023-12-18,1502.88,296.46,50.48,4.96,1.4,0.0,125.81,NORMAL,0.0,5552.73,269.38,55.53,-14.11,2.58,0.0,15.96
12.9141,74.856,2023-12-18,1515.13,292.27,78.15,5.43,3.96,0.0,764.18,DEPRESSION,0.1,5459.69,266.59,55.94,-3.94,8.96,0.0,60.92
15.3647,75.124,2023-12-18,1487.66,296.7,90.88,7.93,-6.57,3.3,924.43,DEPRESSION,3.72,5563.67,266.45,76.63,2.22,3.75,0.0,1348.65
17.3297,76.8343,2023-12-18,1549.56,301.9,56.16,0.83,4.45,0.0,124.73,NORMAL,0.1,5415.61,274.59,48.64,6.38,-1.93,0.0,132.12
12.9716,77.5946,2024-01-02,1479.65,294.28,92.51,10.7,1.34,0.0,65.21,ACTIVE,0.1,5499.13,264.79,62.24,1.71,0.8,0.0,764.91
12.2958,76.6394,2024-01-02,1532.33,301.94,53.96,0.71,2.11,0.0,50.15,BREAK,0.1,5464.73,267.59,42.99,5.49,-1.52,0.0,100.75
12.9141,74.856,2024-01-02,1551.87,302.72,76.86,5.6,8.28,1.57,759.55,COASTAL_OROGRAPHIC,1.81,5501.19,275.1,81.47,6.17,1.68,0.0,473.38
15.3647,75.124,2024-01-02,1621.31,300.77,47.31,6.52,0.1,0.0,64.8,COASTAL_OROGRAPHIC,0.0,5466.98,273.21,53.87,11.83,0.84,0.0,47.18
17.3297,76.8343,2024-01-02,1543.14,302.08,44.76,-1.13,-2.91,0.0,79.05,NORMAL,0.1,5423.11,268.71,29.3,-0.28,2.36,0.0,0.0
12.9716,77.5946,2024-01-17,1495.32,298.02,48.21,-0.25,-2.02,0.0,2.67,NORMAL,0.0,5402.22,264.4,65.18,5.18,0.53,0.0,597.98
12.2958,76.6394,2024-01-17,1560.77,297.06,44.4,16.72,3.9,0.0,169.77,DEPRESSION,0.0,5453.61,267.34,62.18,2.09,5.84,0.0,664.78
12.9141,74.856,2024-01-17,1459.08,295.27,52.74,-2.5,6.68,0.0,106.32,COASTAL_OROGRAPHIC,0.0,5568.03,266.52,87.5,-3.96,8.77,0.0,765.46
15.3647,75.124,2024-01-17,1476.53,303.33,55.12,4.81,-3.89,0.0,77.78,COASTAL_OROGRAPHIC,0.1,5539.7,269.87,72.33,6.23,-0.37,0.0,682.64
17.3297,76.8343,2024-01-17,1560.33,301.26,30.67,2.22,-6.34,0.0,107.12,NORMAL,0.0,5394.14,274.6,42.52,0.12,3.8,0.0,159.0
12.9716,77.5946,2024-02-01,1414.72,297.32,65.69,5.91,-2.65,0.0,400.85,NORMAL,0.0,5323.34,269.69,49.56,0.37,-3.68,0.0,22.15
12.2958,76.6394,2024-02-01,1539.12,301.64,37.18,-1.86,0.77,0.0,131.54,NORMAL,0.1,5630.61,274.78,56.11,5.88,-0.94,0.0,87.28
12.9141,74.856,2024-02-01,1447.16,296.08,49.26,-2.55,4.04,0.0,32.6,COASTAL_OROGRAPHIC,0.0,5618.16,266.25,50.72,12.56,-2.44,0.0,81.64
15.3647,75.124,2024-02-01,1541.89,299.25,52.21,1.52,7.92,0.0,109.77,COASTAL_OROGRAPHIC,0.0,5562.25,267.07,36.89,0.31,-1.51,0.0,123.05
17.3297,76.8343,2024-02-01,1386.12,302.22,22.39,-3.3,-1.0,0.0,206.23,NORMAL,0.0,5350.66,272.41,60.48,5.77,1.4,0.0,0.0
12.9716,77.5946,2024-02-16,1439.04,298.63,64.6,3.09,-0.86,0.0,687.42,NORMAL,0.0,5404.54,263.28,69.68,2.88,2.8,0.0,183.69
12.2958,76.6394,2024-02-16,1455.35,304.23,80.34,2.44,-0.76,0.0,69.71,ACTIVE,0.0,5496.01,269.98,37.52,8.95,6.26,0.0,102.33
12.9141,74.856,2024-02-16,1595.86,300.18,54.65,7.77,-5.1,0.0,149.58,COASTAL_OROGRAPHIC,0.0,5387.14,264.55,76.67,-1.62,-2.58,0.0,561.21
15.3647,75.124,2024-02-16,1573.48,298.3,38.31,-1.2,6.93,0.0,30.04,COASTAL_OROGRAPHIC,0.1,5494.57,267.38,80.21,7.95,3.67,0.0,1045.73
17.3297,76.8343,2024-02-16,1508.49,303.34,59.73,0.75,-4.35,0.0,66.14,NORMAL,0.0,5525.47,275.13,22.62,-3.42,-0.45,0.0,115.87
12.9716,77.5946,2024-03-02,1497.56,297.02,61.43,-8.15,1.05,0.0,118.22,NORMAL,0.0,5539.4,264.21,48.68,-0.47,-1.67,0.0,23.06
12.2958,76.6394,2024-03-02,1524.6,301.46,66.42,-2.3,-2.55,0.0,112.38,NORMAL,0.1,5463.84,264.86,55.88,5.02,1.43,0.0,61.56
12.9141,74.856,2024-03-02,1472.37,301.99,66.01,-6.83,-0.63,0.0,0.0,COASTAL_OROGRAPHIC,0.0,5286.42,273.71,45.01,3.1,7.69,0.0,131.43
15.3647,75.124,2024-03-02,1475.8,295.06,30.17,-8.25,-1.73,0.0,111.71,COASTAL_OROGRAPHIC,0.1,5139.89,267.51,43.98,-1.86,-1.13,0.0,137.95
17.3297,76.8343,2024-03-02,1527.15,300.65,30.24,0.99,7.61,0.0,140.44,BREAK,0.0,5359.11,275.24,20.51,-3.66,4.55,0.0,132.59
12.9716,77.5946,2024-03-17,1497.61,302.88,44.41,-2.53,-2.25,0.0,106.69,NORMAL,0.1,5617.84,266.01,41.42,8.81,-0.46,0.0,0.0
12.2958,76.6394,2024-03-17,1508.32,299.27,65.25,0.85,1.6,0.0,0.0,BREAK,0.0,5551.99,276.28,90.17,-3.28,8.2,2.63,387.34
12.9141,74.856,2024-03-17,1504.35,296.15,83.84,6.05,-1.9,1.53,550.22,COASTAL_OROGRAPHIC,1.89,5571.33,273.09,74.1,1.86,-4.69,0.85,1083.47
15.3647,75.124,2024-03-17,1454.42,300.61,82.72,7.2,-3.08,6.42,123.99,COASTAL_OROGRAPHIC,7.07,5505.97,268.73,33.62,7.37,1.87,0.0,98.18
17.3297,76.8343,2024-03-17,1559.68,302.37,71.33,5.03,4.85,0.64,165.84,NORMAL,0.93,5417.77,276.41,50.51,10.2,-6.69,0.0,91.1
12.9716,77.5946,2024-04-01,1525.14,296.58,49.24,-0.24,1.94,0.0,142.67,NORMAL,0.1,5550.83,270.96,32.7,1.71,0.12,0.0,42.51
12.2958,76.6394,2024-04-01,1609.68,295.15,91.0,0.62,-0.45,0.0,320.85,ACTIVE,0.0,5506.97,265.48,58.93,0.9,-0.28,0.0,50.88
12.9141,74.856,2024-04-01,1457.25,296.15,51.51,2.44,-6.03,0.0,0.0,COASTAL_OROGRAPHIC,0.1,5398.24,267.77,78.22,5.82,5.7,1.23,0.0
15.3647,75.124,2024-04-01,1525.95,303.28,37.13,-0.91,2.6,0.0,88.06,COASTAL_OROGRAPHIC,0.0,5630.1,263.9,69.22,4.92,-0.07,0.0,923.98
17.3297,76.8343,2024-04-01,1566.07,301.53,37.88,8.65,0.52,0.0,75.72,BREAK,0.0,5740.61,270.58,67.61,2.43,-0.11,0.0,813.26
12.9716,77.5946,2024-04-16,1395.41,298.27,30.92,0.63,-0.83,0.0,123.38,BREAK,0.0,5574.24,269.05,52.41,0.41,3.4,0.0,107.1
12.2958,76.6394,2024-04-16,1529.73,294.15,30.06,1.13,6.44,0.0,142.48,NORMAL,0.1,5653.22,268.6,50.59,-5.22,2.78,0.0,52.93
12.9141,74.856,2024-04-16,1557.69,300.68,49.74,0.65,-4.56,0.0,204.97,COASTAL_OROGRAPHIC,0.1,5578.19,273.66,57.09,-1.9,3.94,0.0,76.98
15.3647,75.124,2024-04-16,1411.99,302.17,76.85,-1.27,-1.04,16.93,628.37,COASTAL_OROGRAPHIC,18.52,5328.43,268.41,50.78,-0.61,-1.93,0.0,99.11
17.3297,76.8343,2024-04-16,1529.03,303.12,24.01,1.86,6.32,0.0,154.78,NORMAL,0.0,5416.49,273.13,51.19,-0.42,1.22,0.0,97.11
12.9716,77.5946,2024-05-01,1574.9,298.46,85.77,6.46,0.0,0.0,121.12,ACTIVE,0.0,5479.19,269.08,84.2,12.6,4.91,9.35,273.9
12.2958,76.6394,2024-05-01,1493.15,288.73,63.73,2.21,-3.58,0.0,271.14,NORMAL,0.0,5698.54,267.17,55.21,9.42,-4.26,0.0,99.11
12.9141,74.856,2024-05-01,1547.3,294.82,31.21,0.7,2.48,0.0,117.46,COASTAL_OROGRAPHIC,0.0,5508.39,265.27,49.85,-2.54,-0.91,0.0,68.66
15.3647,75.124,2024-05-01,1450.42,298.7,88.91,4.74,6.09,0.0,0.0,COASTAL_OROGRAPHIC,0.1,5539.93,273.58,81.38,-1.09,-2.18,6.85,561.61
17.3297,76.8343,2024-05-01,1556.91,300.06,65.73,3.77,-5.9,0.0,0.0,NORMAL,0.0,5447.9,273.47,74.13,5.3,0.41,0.48,430.16
12.9716,77.5946,2024-05-16,1470.79,298.04,55.87,-0.4,-6.5,0.0,0.96,NORMAL,0.0,5606.28,266.8,57.98,-6.78,-4.08,0.0,92.01
12.2958,76.6394,2024-05-16,1601.24,297.6,93.59,0.33,4.54,8.93,121.4,ACTIVE,9.79,5683.26,268.99,61.06,5.64,-2.92,0.0,0.0
12.9141,74.856,2024-05-16,1498.74,302.4,76.28,-2.13,1.64,4.72,704.69,COASTAL_OROGRAPHIC,5.19,5520.34,265.82,75.81,1.29,4.51,0.68,491.19
15.3647,75.124,2024-05-16,1494.32,295.89,81.1,-2.04,0.0,7.94,623.35,COASTAL_OROGRAPHIC,8.87,5627.9,263.28,88.79,-14.21,2.19,0.0,555.99
17.3297,76.8343,2024-05-16,1547.33,304.2,33.98,0.43,-0.04,0.0,129.87,NORMAL,0.0,5507.96,278.77,47.65,-4.48,0.87,0.0,75.26
12.9716,77.5946,2024-05-31,1517.16,294.92,81.59,-1.42,3.97,5.73,442.07,ACTIVE,6.36,5525.06,264.19,59.13,-6.26,4.87,0.0,122.47
12.2958,76.6394,2024-05-31,1512.41,297.38,35.39,-0.16,9.74,0.0,136.76,DEPRESSION,0.1,5395.29,272.06,79.37,6.57,-2.95,0.23,114.04
12.9141,74.856,2024-05-31,1480.01,299.21,62.83,4.28,1.1,0.0,0.0,COASTAL_OROGRAPHIC,0.1,5522.91,272.52,82.39,4.02,-1.78,0.0,279.73
15.3647,75.124,2024-05-31,1537.41,301.26,45.91,-5.38,5.23,0.0,80.57,COASTAL_OROGRAPHIC,0.0,5573.61,263.2,32.28,-2.32,5.54,0.0,168.72
17.3297,76.8343,2024-05-31,1481.8,300.33,50.58,-1.17,-6.62,0.0,210.53,NORMAL,0.1,5684.39,273.07,57.34,1.06,5.13,0.0,76.0
12.9716,77.5946,2024-06-15,1470.43,298.54,57.81,-1.21,-0.06,0.0,234.92,NORMAL,0.1,5518.85,269.01,56.62,-2.13,-0.97,0.0,33.8
12.2958,76.6394,2024-06-15,1501.21,295.24,85.79,1.2,0.03,6.5,450.03,ACTIVE,7.28,5538.82,271.24,49.29,5.62,-0.04,0.0,160.73
12.9141,74.856,2024-06-15,1516.62,293.18,34.88,2.37,1.39,0.0,75.49,COASTAL_OROGRAPHIC,0.0,5577.05,270.44,65.6,-1.94,1.84,0.0,452.66
15.3647,75.124,2024-06-15,1478.2,294.18,72.17,3.87,3.23,3.97,935.74,COASTAL_OROGRAPHIC,4.38,5502.06,270.49,86.83,1.08,0.18,1.77,128.69
17.3297,76.8343,2024-06-15,1427.09,302.52,50.53,-2.14,3.87,0.0,31.43,NORMAL,0.0,5589.58,269.64,51.45,1.7,4.87,0.0,109.11
12.9716,77.5946,2024-06-30,1491.54,300.03,58.09,-9.53,7.64,0.0,227.07,DEPRESSION,0.0,5529.51,266.42,89.08,-1.2,-1.47,1.76,629.85
12.2958,76.6394,2024-06-30,1583.02,296.85,49.36,-1.83,0.68,0.0,137.05,NORMAL,0.0,5482.8,268.79,82.62,1.88,3.04,0.0,1059.77
12.9141,74.856,2024-06-30,1457.44,299.71,70.72,12.21,2.92,0.0,100.68,COASTAL_OROGRAPHIC,0.0,5387.77,271.49,45.02,7.04,1.09,0.0,179.48
15.3647,75.124,2024-06-30,1568.92,293.96,85.4,5.02,6.61,4.48,273.63,DEPRESSION,5.14,5442.28,269.58,44.88,-11.0,6.72,0.0,110.53
17.3297,76.8343,2024-06-30,1433.76,307.89,50.68,-2.86,2.7,0.0,125.08,NORMAL,0.0,5444.47,271.81,58.78,5.42,-1.53,0.0,189.34
12.9716,77.5946,2024-07-15,1486.84,303.84,58.19,-1.03,-1.52,0.0,132.97,NORMAL,0.0,5523.17,266.85,44.3,7.75,-1.49,0.0,73.93
12.2958,76.6394,2024-07-15,1447.23,292.92,79.64,0.65,-1.92,0.0,297.64,ACTIVE,0.0,5531.98,266.73,84.16,5.19,7.79,0.0,758.45
12.9141,74.856,2024-07-15,1596.31,299.33,31.67,-5.77,1.56,0.0,56.14,COASTAL_OROGRAPHIC,0.0,5518.13,271.98,72.31,7.83,0.67,0.0,465.97
15.3647,75.124,2024-07-15,1466.32,298.15,54.37,8.15,3.11,0.0,13.89,COASTAL_OROGRAPHIC,0.0,5512.94,269.79,52.07,2.08,-2.95,0.0,121.55
17.3297,76.8343,2024-07-15,1487.32,303.57,36.73,11.32,-7.57,0.0,89.53,DEPRESSION,0.0,5513.89,271.2,35.65,-0.18,5.19,0.0,117.27
12.9716,77.5946,2024-07-30,1520.71,302.21,72.66,-5.11,8.01,6.23,192.49,DEPRESSION,6.96,5402.2,268.11,69.6,6.76,-2.95,0.0,865.58
12.2958,76.6394,2024-07-30,1510.56,301.22,86.14,-4.15,-1.17,0.0,1086.14,ACTIVE,0.1,5372.54,264.74,74.21,4.55,-1.46,1.07,191.83
12.9141,74.856,2024-07-30,1488.97,292.54,87.94,0.7,0.01,0.0,859.42,COASTAL_OROGRAPHIC,0.0,5583.85,272.74,59.13,2.34,1.51,0.0,30.03
15.3647,75.124,2024-07-30,1451.01,294.04,43.9,3.92,4.19,0.0,178.48,COASTAL_OROGRAPHIC,0.1,5479.53,270.01,75.41,4.12,-5.42,1.47,541.02
17.3297,76.8343,2024-07-30,1516.36,304.76,57.18,2.99,-7.9,0.0,104.34,NORMAL,0.0,5520.17,273.68,41.88,2.35,1.63,0.0,42.81
12.9716,77.5946,2024-08-14,1470.61,302.93,81.92,2.7,3.3,4.47,443.09,ACTIVE,4.89,5641.59,265.52,76.35,1.44,-0.81,0.0,368.65
12.2958,76.6394,2024-08-14,1507.32,300.08,40.86,6.81,4.28,0.0,0.0,DEPRESSION,0.0,5486.92,266.8,49.51,-10.13,4.29,0.0,80.09
12.9141,74.856,2024-08-14,1576.0,296.9,88.82,-6.69,9.41,4.91,554.72,DEPRESSION,5.47,5394.23,272.57,83.71,5.1,-0.5,3.62,1007.7
15.3647,75.124,2024-08-14,1435.24,301.06,71.71,11.29,-6.09,0.0,573.94,COASTAL_OROGRAPHIC,0.0,5551.45,270.48,55.94,7.79,0.31,0.0,147.8
17.3297,76.8343,2024-08-14,1456.02,300.67,69.5,5.4,-1.84,0.0,330.44,NORMAL,0.0,5469.72,275.73,37.04,8.28,5.75,0.0,42.31
12.9716,77.5946,2024-08-29,1502.77,296.0,43.57,-2.33,0.88,0.0,138.37,NORMAL,0.1,5616.17,274.56,93.5,0.66,1.33,4.94,606.99
12.2958,76.6394,2024-08-29,1467.55,298.95,48.42,8.21,7.47,0.0,76.28,DEPRESSION,0.0,5594.36,266.69,61.72,9.55,-5.26,0.0,595.3
12.9141,74.856,2024-08-29,1485.64,298.94,39.2,6.84,6.06,0.0,21.98,COASTAL_OROGRAPHIC,0.1,5433.68,268.7,79.72,1.17,4.18,11.3,241.78
15.3647,75.124,2024-08-29,1512.48,295.49,70.8,2.22,-4.46,0.1,532.74,DEPRESSION,0.3,5377.56,267.32,42.17,1.28,7.17,0.0,30.7
17.3297,76.8343,2024-08-29,1493.58,303.17,21.37,6.13,-0.03,0.0,52.89,NORMAL,0.0,5530.45,273.74,57.08,-1.42,-0.84,0.0,57.31
12.9716,77.5946,2024-09-13,1534.22,299.84,47.06,-1.69,-6.8,0.0,182.31,NORMAL,0.1,5487.61,264.89,73.18,0.33,-4.68,0.0,0.0
12.2958,76.6394,2024-09-13,1539.69,288.73,91.85,-2.94,9.96,1.62,438.7,ACTIVE,2.02,5534.74,267.71,58.77,-1.75,3.06,0.0,131.85
12.9141,74.856,2024-09-13,1482.13,295.66,54.9,0.33,4.62,0.0,84.98,COASTAL_OROGRAPHIC,0.1,5345.49,271.15,81.95,2.68,1.92,0.0,690.5
15.3647,75.124,2024-09-13,1580.23,296.46,93.79,5.13,0.11,9.48,1047.64,COASTAL_OROGRAPHIC,10.33,5438.59,266.11,57.65,4.93,6.7,0.0,148.64
17.3297,76.8343,2024-09-13,1505.08,302.09,20.6,4.37,-3.1,0.0,125.18,NORMAL,0.1,5305.75,273.65,28.1,7.09,0.49,0.0,86.42
12.9716,77.5946,2024-09-28,1507.44,290.59,37.78,-1.65,0.43,0.0,56.39,NORMAL,0.1,5660.81,268.72,75.77,8.36,1.46,2.6,394.59
12.2958,76.6394,2024-09-28,1502.29,298.67,60.19,2.17,6.39,0.0,497.01,NORMAL,0.0,5524.52,263.64,58.85,8.39,0.76,0.0,144.84
12.9141,74.856,2024-09-28,1498.24,299.66,36.55,-6.72,-1.76,0.0,94.25,COASTAL_OROGRAPHIC,0.0,5566.84,266.06,85.74,-2.48,3.29,0.0,789.93
15.3647,75.124,2024-09-28,1577.14,304.31,40.76,-6.49,-3.22,0.0,72.92,COASTAL_OROGRAPHIC,0.0,5459.59,272.28,65.49,-1.26,1.27,0.0,231.13
17.3297,76.8343,2024-09-28,1507.78,305.8,68.59,-0.28,-2.87,0.0,455.52,NORMAL,0.0,5637.81,274.35,40.66,4.17,-1.97,0.0,141.76
12.9716,77.5946,2024-10-13,1527.0,303.69,93.14,0.62,-2.86,3.16,569.8,ACTIVE,3.7,5228.1,269.14,91.43,5.03,1.26,5.36,174.24
12.2958,76.6394,2024-10-13,1513.7,298.88,37.95,0.62,5.47,0.0,80.95,BREAK,0.1,5482.28,268.15,36.51,-2.12,4.74,0.0,94.23
12.9141,74.856,2024-10-13,1511.61,301.13,74.19,1.79,1.13,3.28,387.8,COASTAL_OROGRAPHIC,3.59,5699.43,268.24,88.48,-4.27,-3.0,0.62,636.89
15.3647,75.124,2024-10-13,1481.12,301.46,91.75,-0.4,5.8,0.0,967.43,COASTAL_OROGRAPHIC,0.1,5434.7,265.95,93.04,1.14,0.74,0.0,656.68
17.3297,76.8343,2024-10-13,1517.33,304.0,37.58,9.29,-5.1,0.0,216.48,NORMAL,0.0,5452.39,277.14,34.83,0.62,-2.0,0.0,97.68
12.9716,77.5946,2024-10-28,1544.33,298.89,91.77,5.86,-0.73,0.0,760.89,ACTIVE,0.0,5445.22,266.92,88.86,6.69,-5.12,0.0,572.35
12.2958,76.6394,2024-10-28,1532.67,297.99,33.82,-2.47,5.79,0.0,145.05,NORMAL,0.0,5378.73,265.63,60.18,-2.9,0.96,0.0,334.75
12.9141,74.856,2024-10-28,1416.22,303.14,85.66,3.76,-1.85,0.0,334.83,COASTAL_OROGRAPHIC,0.0,5463.62,266.96,86.2,15.84,-0.01,0.0,1097.48
15.3647,75.124,2024-10-28,1533.67,295.35,49.94,-11.27,-4.19,0.0,173.24,DEPRESSION,0.1,5313.33,266.2,49.99,2.44,-3.03,0.0,132.59
17.3297,76.8343,2024-10-28,1519.59,303.44,70.03,11.71,1.37,0.0,114.2,NORMAL,0.0,5457.73,271.3,32.17,2.65,-3.25,0.0,142.34
12.9716,77.5946,2024-11-12,1561.04,300.82,86.6,3.1,5.13,5.52,118.78,ACTIVE,6.17,5346.35,267.76,38.62,-3.92,-0.54,0.0,27.11
12.2958,76.6394,2024-11-12,1479.69,296.8,45.63,15.62,3.43,0.0,61.23,DEPRESSION,0.0,5469.03,272.38,83.16,-2.86,-4.08,5.08,270.59
12.9141,74.856,2024-11-12,1456.42,299.73,80.6,2.16,0.35,17.1,799.91,COASTAL_OROGRAPHIC,18.55,5466.81,270.98,87.25,3.9,7.18,0.0,85.07
15.3647,75.124,2024-11-12,1491.51,298.29,70.93,1.85,1.56,5.73,0.0,COASTAL_OROGRAPHIC,6.44,5495.01,263.63,41.03,0.53,-0.78,0.0,10.99
17.3297,76.8343,2024-11-12,1446.63,302.14,38.53,0.11,0.29,0.0,132.24,NORMAL,0.0,5651.43,271.79,43.64,-4.43,2.79,0.0,117.9
12.9716,77.5946,2024-11-27,1480.33,300.3,30.27,1.86,-0.6,0.0,46.52,BREAK,0.1,5457.34,264.56,81.49,-2.22,0.3,0.0,486.33
12.2958,76.6394,2024-11-27,1549.78,296.63,47.71,10.67,2.54,0.0,87.51,DEPRESSION,0.0,5562.01,268.2,89.4,-2.89,-1.45,7.51,1310.73
12.9141,74.856,2024-11-27,1468.16,298.3,55.17,-3.32,2.53,0.0,155.66,COASTAL_OROGRAPHIC,0.0,5507.96,266.23,55.46,-5.93,3.52,0.0,69.31
15.3647,75.124,2024-11-27,1511.5,296.27,45.75,2.81,7.15,0.0,137.16,COASTAL_OROGRAPHIC,0.0,5525.89,267.86,87.59,-0.03,2.95,6.06,576.25
17.3297,76.8343,2024-11-27,1521.0,301.99,23.32,4.06,7.3,0.0,74.62,NORMAL,0.1,5512.16,275.28,49.89,4.92,-0.74,0.0,113.75
12.9716,77.5946,2024-12-12,1482.26,303.31,36.21,3.05,0.82,0.0,119.62,NORMAL,0.0,5582.87,270.56,63.14,0.66,6.29,0.0,90.1
12.2958,76.6394,2024-12-12,1460.81,292.62,93.52,-0.02,4.32,0.0,92.08,ACTIVE,0.0,5365.32,268.77,31.56,4.25,6.89,0.0,107.21
12.9141,74.856,2024-12-12,1608.59,302.01,47.75,-0.82,-0.59,0.0,152.52,COASTAL_OROGRAPHIC,0.0,5623.23,271.58,56.45,-1.22,4.86,0.0,130.32
15.3647,75.124,2024-12-12,1471.31,299.14,47.39,1.74,-2.24,0.0,130.58,COASTAL_OROGRAPHIC,0.0,5507.23,269.23,51.29,1.08,2.35,0.0,63.31
17.3297,76.8343,2024-12-12,1459.83,301.2,61.96,-2.25,1.92,0.0,928.41,NORMAL,0.0,5461.93,278.62,21.55,-0.22,-5.26,0.0,98.03
12.9716,77.5946,2024-12-27,1483.07,294.9,54.49,5.94,9.55,0.0,40.4,NORMAL,0.0,5579.85,261.97,53.73,1.19,1.25,0.0,223.04
12.2958,76.6394,2024-12-27,1563.44,291.56,34.72,7.0,5.22,0.0,220.92,BREAK,0.0,5563.57,268.53,50.23,8.83,0.1,0.0,58.99
12.9141,74.856,2024-12-27,1474.51,300.24,34.44,-7.13,5.01,0.0,32.77,COASTAL_OROGRAPHIC,0.1,5704.01,266.56,61.92,-1.3,2.21,0.0,411.32
15.3647,75.124,2024-12-27,1487.96,296.32,65.77,5.67,-4.85,0.0,0.0,COASTAL_OROGRAPHIC,0.1,5567.7,271.52,80.45,9.11,1.67,1.12,843.18
17.3297,76.8343,2024-12-27,1475.49,306.51,25.49,-0.96,6.1,0.0,80.87,NORMAL,0.0,5621.95,269.14,41.49,5.13,6.94,0.0,179.47
12.9716,77.5946,2025-01-11,1467.09,293.15,79.73,-1.9,4.97,19.28,0.0,ACTIVE,21.06,5477.21,275.74,36.22,4.81,0.41,0.0,150.5
12.2958,76.6394,2025-01-11,1500.33,299.91,41.21,5.87,6.95,0.0,167.25,BREAK,0.0,5466.9,264.3,30.54,1.67,2.79,0.0,119.29
12.9141,74.856,2025-01-11,1501.2,299.46,87.36,1.39,2.41,0.0,500.99,COASTAL_OROGRAPHIC,0.0,5706.21,267.89,82.78,4.09,-0.99,0.0,662.44
15.3647,75.124,2025-01-11,1532.55,299.87,39.44,9.61,0.2,0.0,27.95,DEPRESSION,0.0,5604.67,266.78,48.3,-6.22,-4.23,0.0,87.45
17.3297,76.8343,2025-01-11,1411.31,304.26,47.54,-13.09,-1.87,0.0,62.35,DEPRESSION,0.0,5516.59,273.35,56.49,2.66,1.6,0.0,16.0
12.9716,77.5946,2025-01-26,1583.82,298.73,56.73,0.66,2.43,0.0,118.57,NORMAL,0.0,5381.69,267.8,74.14,1.22,6.03,2.19,748.05
12.2958,76.6394,2025-01-26,1530.62,298.08,51.56,-0.82,-1.81,0.0,156.03,NORMAL,0.0,5477.98,268.16,94.89,-3.45,5.43,0.0,657.95
12.9141,74.856,2025-01-26,1423.29,298.62,57.62,-2.19,-1.16,0.0,149.15,COASTAL_OROGRAPHIC,0.0,5605.46,275.65,75.86,-3.84,5.05,0.0,43.15
15.3647,75.124,2025-01-26,1525.21,296.95,34.21,-2.14,3.74,0.0,92.19,COASTAL_OROGRAPHIC,0.0,5389.88,266.3,38.73,4.78,9.22,0.0,123.63
17.3297,76.8343,2025-01-26,1541.1,300.94,74.43,2.29,-3.91,0.16,1056.33,NORMAL,0.43,5671.27,268.82,20.89,1.11,1.13,0.0,74.1
12.9716,77.5946,2025-02-10,1444.04,298.92,73.01,-2.79,4.46,0.0,458.43,NORMAL,0.0,5638.08,271.44,85.97,-3.59,0.83,1.75,0.0
12.2958,76.6394,2025-02-10,1548.4,298.81,80.61,6.03,-3.54,4.55,825.45,ACTIVE,5.17,5504.7,267.97,37.91,-6.59,5.19,0.0,73.96
12.9141,74.856,2025-02-10,1513.27,299.64,83.46,-1.53,-2.38,11.77,211.06,COASTAL_OROGRAPHIC,12.98,5308.88,265.36,34.9,10.73,-7.24,0.0,122.1
15.3647,75.124,2025-02-10,1565.03,297.56,69.24,0.41,3.16,0.0,398.04,COASTAL_OROGRAPHIC,0.0,5396.54,269.33,77.8,-1.16,-2.97,9.31,0.0
17.3297,76.8343,2025-02-10,1515.39,307.48,31.84,6.23,3.42,0.0,72.91,NORMAL,0.1,5468.8,268.63,31.22,4.63,1.98,0.0,80.36
12.9716,77.5946,2025-02-25,1456.35,300.47,30.51,9.17,1.77,0.0,25.07,DEPRESSION,0.0,5454.26,271.15,79.3,-1.39,-0.22,0.0,544.17
12.2958,76.6394,2025-02-25,1540.93,295.61,77.37,-1.02,6.83,9.72,0.0,ACTIVE,10.67,5349.94,273.81,77.71,8.81,1.26,0.0,1091.09
12.9141,74.856,2025-02-25,1547.28,301.62,39.16,1.28,1.68,0.0,170.65,COASTAL_OROGRAPHIC,0.0,5698.57,271.01,37.94,6.34,4.99,0.0,66.39
15.3647,75.124,2025-02-25,1521.69,299.52,67.03,-3.07,-1.79,0.0,0.0,COASTAL_OROGRAPHIC,0.0,5356.04,269.58,90.01,6.0,5.77,0.0,1558.74
17.3297,76.8343,2025-02-25,1527.27,300.03,40.45,6.94,2.84,0.0,84.48,BREAK,0.1,5685.44,268.45,53.73,3.37,7.27,0.0,108.78
12.9716,77.5946,2025-03-12,1520.3,294.63,54.45,-10.29,-2.92,0.0,179.96,NORMAL,0.0,5337.41,268.98,81.94,-8.51,-1.69,4.84,281.49
12.2958,76.6394,2025-03-12,1565.67,297.92,73.81,10.85,-6.84,0.0,366.36,NORMAL,0.1,5297.5,267.51,68.78,5.5,-5.43,0.0,449.12
12.9141,74.856,2025-03-12,1508.18,295.73,69.73,-2.28,-0.09,0.0,309.79,COASTAL_OROGRAPHIC,0.0,5523.41,271.03,56.04,-1.07,-2.3,0.0,155.9
15.3647,75.124,2025-03-12,1495.72,298.66,87.46,2.17,-2.42,7.47,0.0,COASTAL_OROGRAPHIC,8.33,5621.21,269.66,60.42,-1.29,-3.49,0.0,729.94
17.3297,76.8343,2025-03-12,1474.34,299.06,52.17,8.21,4.86,0.0,143.97,NORMAL,0.0,5522.4,267.89,61.53,3.19,6.48,0.0,487.96
12.9716,77.5946,2025-03-27,1605.84,298.85,40.88,1.73,1.81,0.0,50.97,NORMAL,0.0,5521.41,269.03,65.93,-10.22,0.98,0.0,558.33
12.2958,76.6394,2025-03-27,1494.39,300.16,57.86,-2.21,-7.01,0.0,116.76,NORMAL,0.0,5543.04,261.97,72.77,4.3,7.9,2.6,105.45
12.9141,74.856,2025-03-27,1487.4,300.17,35.55,7.81,0.26,0.0,142.0,COASTAL_OROGRAPHIC,0.0,5575.63,268.24,94.88,-0.39,3.06,1.9,292.07
15.3647,75.124,2025-03-27,1549.72,296.48,93.85,0.41,1.61,0.58,733.35,COASTAL_OROGRAPHIC,0.81,5480.35,268.11,31.6,2.2,4.58,0.0,92.18
17.3297,76.8343,2025-03-27,1435.81,302.94,55.05,-1.8,3.28,0.0,119.58,NORMAL,0.0,5535.32,272.33,67.68,2.61,2.26,0.0,503.69
12.9716,77.5946,2025-04-11,1407.41,295.0,36.43,2.52,-0.09,0.0,178.73,NORMAL,0.1,5513.45,269.45,84.58,11.44,-2.86,16.9,0.0
12.2958,76.6394,2025-04-11,1473.88,298.45,47.85,6.34,-1.63,0.0,69.01,NORMAL,0.0,5706.04,271.55,89.46,-2.63,7.72,0.93,612.55
12.9141,74.856,2025-04-11,1522.37,302.12,91.39,-1.87,-1.13,0.0,439.87,COASTAL_OROGRAPHIC,0.0,5299.83,267.8,43.31,-2.79,-1.55,0.0,147.77
15.3647,75.124,2025-04-11,1423.75,298.57,35.93,11.91,-5.16,0.0,113.43,DEPRESSION,0.0,5512.25,267.07,34.32,-2.72,1.5,0.0,128.03
17.3297,76.8343,2025-04-11,1588.24,298.04,55.96,-1.98,-4.89,0.0,102.19,NORMAL,0.1,5485.34,271.63,70.32,2.59,-3.53,0.0,1411.73
12.9716,77.5946,2025-04-26,1433.88,298.94,75.03,-10.46,5.87,0.0,356.29,DEPRESSION,0.0,5313.03,267.33,36.06,2.09,-4.48,0.0,129.03
12.2958,76.6394,2025-04-26,1509.68,301.61,94.74,-8.81,1.46,5.71,691.54,ACTIVE,6.22,5520.35,267.52,85.6,-2.77,3.03,0.0,299.2
12.9141,74.856,2025-04-26,1497.61,300.1,80.95,1.29,4.7,3.3,0.0,COASTAL_OROGRAPHIC,3.72,5474.33,272.88,31.6,4.43,1.79,0.0,47.45
15.3647,75.124,2025-04-26,1547.2,301.31,73.83,-2.94,-0.96,3.53,1552.95,COASTAL_OROGRAPHIC,4.05,5415.43,266.09,36.16,0.52,0.61,0.0,62.68
17.3297,76.8343,2025-04-26,1504.64,303.72,21.18,1.11,1.77,0.0,74.41,NORMAL,0.0,5539.33,277.85,43.17,4.05,3.14,0.0,69.35
12.9716,77.5946,2025-05-11,1548.11,297.42,48.95,2.96,-5.28,0.0,50.27,BREAK,0.0,5508.72,263.69,64.87,3.91,5.43,0.0,1363.09
12.2958,76.6394,2025-05-11,1443.45,299.63,62.51,1.7,0.69,0.0,478.87,NORMAL,0.0,5711.73,263.47,72.84,1.95,-1.61,13.21,19.13
12.9141,74.856,2025-05-11,1552.89,298.42,78.35,-0.17,4.26,5.94,14.61,COASTAL_OROGRAPHIC,6.6,5686.85,263.69,65.1,0.46,-4.39,0.0,501.59
15.3647,75.124,2025-05-11,1535.63,296.99,46.73,-5.67,-4.05,0.0,48.21,COASTAL_OROGRAPHIC,0.0,5636.36,267.84,85.43,-1.9,9.85,14.52,560.93
17.3297,76.8343,2025-05-11,1463.67,303.65,43.73,-7.24,-1.09,0.0,120.6,NORMAL,0.1,5428.18,268.74,68.89,-3.44,12.21,0.0,0.0
12.9716,77.5946,2025-05-26,1506.64,297.82,84.62,0.6,-0.48,0.0,834.13,ACTIVE,0.1,5535.88,269.01,52.52,-1.7,4.42,0.0,84.2
12.2958,76.6394,2025-05-26,1494.54,299.54,51.78,4.51,2.58,0.0,46.95,NORMAL,0.0,5473.74,269.27,55.19,8.05,2.11,0.0,69.58
12.9141,74.856,2025-05-26,1485.72,302.74,31.25,-0.43,-3.44,0.0,161.02,COASTAL_OROGRAPHIC,0.1,5347.14,268.15,40.1,-5.39,3.27,0.0,0.0
15.3647,75.124,2025-05-26,1511.31,295.79,80.76,2.08,1.98,0.0,805.22,COASTAL_OROGRAPHIC,0.0,5454.77,273.43,54.43,9.17,-2.55,0.0,41.07
17.3297,76.8343,2025-05-26,1629.58,301.73,72.02,6.26,4.66,0.15,259.67,NORMAL,0.28,5448.97,267.72,27.11,2.91,5.48,0.0,110.41
12.9716,77.5946,2025-06-10,1538.96,297.61,55.59,0.13,-6.49,0.0,31.59,BREAK,0.0,5491.14,271.36,33.42,0.81,2.31,0.0,187.67
12.2958,76.6394,2025-06-10,1395.78,299.71,82.73,5.15,-1.36,4.11,339.86,ACTIVE,4.6,5332.7,271.68,66.15,-5.16,-6.69,0.0,0.0
12.9141,74.856,2025-06-10,1552.54,297.07,61.32,2.13,1.29,0.0,216.6,COASTAL_OROGRAPHIC,0.1,5603.29,268.8,56.71,-5.85,2.35,0.0,73.09
15.3647,75.124,2025-06-10,1448.74,297.09,74.44,-0.06,-4.82,0.0,557.37,COASTAL_OROGRAPHIC,0.0,5405.86,267.6,31.16,1.9,-1.1,0.0,76.13
17.3297,76.8343,2025-06-10,1499.83,300.41,69.1,8.27,6.01,0.0,752.65,NORMAL,0.1,5657.89,263.09,55.48,12.05,4.21,0.0,138.49
12.9716,77.5946,2025-06-25,1484.63,293.43,30.09,12.3,6.45,0.0,112.22,DEPRESSION,0.1,5580.77,265.93,69.58,0.51,8.78,0.0,913.45
12.2958,76.6394,2025-06-25,1475.15,297.37,93.2,-8.26,4.79,0.0,892.77,DEPRESSION,0.0,5373.81,269.01,93.95,6.65,-1.64,4.2,495.24
12.9141,74.856,2025-06-25,1510.75,298.85,44.72,7.0,4.51,0.0,95.93,COASTAL_OROGRAPHIC,0.0,5472.17,265.8,81.05,1.06,0.09,4.73,0.0
15.3647,75.124,2025-06-25,1536.04,295.72,44.3,-0.75,-1.38,0.0,43.79,COASTAL_OROGRAPHIC,0.1,5534.89,267.08,86.63,0.09,0.17,0.0,1018.0
17.3297,76.8343,2025-06-25,1480.68,301.54,33.69,-1.45,-1.39,0.0,139.5,NORMAL,0.0,5467.17,272.11,23.07,-2.36,0.92,0.0,126.03
12.9716,77.5946,2025-07-10,1530.49,300.22,87.16,1.3,3.6,2.97,632.21,ACTIVE,3.32,5403.64,270.33,35.51,6.33,5.33,0.0,57.76
12.2958,76.6394,2025-07-10,1508.34,300.66,82.55,1.85,3.1,0.0,607.52,ACTIVE,0.0,5446.65,265.37,68.29,-2.28,-2.49,0.0,433.73
12.9141,74.856,2025-07-10,1517.18,298.93,68.93,1.7,-5.49,0.0,206.3,COASTAL_OROGRAPHIC,0.1,5363.83,274.03,92.59,1.3,6.06,0.59,652.26
15.3647,75.124,2025-07-10,1463.05,299.35,59.66,-3.83,1.41,0.0,46.48,COASTAL_OROGRAPHIC,0.0,5606.22,268.36,56.54,-3.58,-3.19,0.0,82.64
17.3297,76.8343,2025-07-10,1429.41,304.21,45.3,-1.46,5.1,0.0,115.8,NORMAL,0.0,5382.86,276.08,72.31,-12.87,-4.06,0.0,616.66
12.9716,77.5946,2025-07-25,1448.69,300.06,79.69,-0.49,4.25,2.96,798.1,ACTIVE,3.29,5445.44,267.09,82.89,7.45,2.53,9.75,619.87
12.2958,76.6394,2025-07-25,1509.76,300.98,60.78,5.84,3.48,0.0,563.94,NORMAL,0.1,5457.74,266.37,66.27,-6.76,5.52,0.0,583.99
12.9141,74.856,2025-07-25,1489.41,302.4,39.8,-0.44,-0.06,0.0,62.96,COASTAL_OROGRAPHIC,0.1,5425.26,268.63,72.03,-4.53,-2.44,0.0,550.11
15.3647,75.124,2025-07-25,1504.98,293.82,65.44,3.83,1.98,0.0,729.42,COASTAL_OROGRAPHIC,0.1,5482.02,267.45,84.78,-2.39,-2.94,0.0,673.19
17.3297,76.8343,2025-07-25,1462.87,302.64,30.41,6.71,-0.44,0.0,92.65,NORMAL,0.1,5717.12,271.59,63.47,1.0,3.98,0.0,1526.34
12.9716,77.5946,2025-08-09,1466.2,295.63,91.38,3.54,-0.36,0.0,0.0,ACTIVE,0.0,5411.85,267.61,82.96,0.51,2.81,0.0,663.44
12.2958,76.6394,2025-08-09,1509.75,296.18,42.33,-0.96,0.09,0.0,47.87,NORMAL,0.1,5496.69,272.12,56.39,2.08,3.12,0.0,91.64
12.9141,74.856,2025-08-09,1509.3,295.23,52.58,8.1,7.96,0.0,61.35,COASTAL_OROGRAPHIC,0.0,5366.05,268.57,78.6,4.93,1.21,14.35,0.0
15.3647,75.124,2025-08-09,1531.2,299.09,77.78,-3.09,-3.34,1.14,890.46,COASTAL_OROGRAPHIC,1.4,5616.26,269.24,42.15,-6.86,2.37,0.0,32.69
17.3297,76.8343,2025-08-09,1567.31,298.17,57.06,6.6,5.42,0.0,60.45,NORMAL,0.0,5611.28,269.03,37.34,2.84,-0.58,0.0,143.23
12.9716,77.5946,2025-08-24,1509.42,304.96,72.9,-1.68,-0.73,7.31,94.31,NORMAL,8.04,5530.29,271.22,31.0,0.19,1.71,0.0,77.52
12.2958,76.6394,2025-08-24,1467.39,301.79,31.98,7.02,3.19,0.0,13.69,DEPRESSION,0.0,5462.65,270.42,52.57,-7.56,8.11,0.0,97.88
12.9141,74.856,2025-08-24,1463.93,299.1,82.87,4.25,-1.36,0.16,1170.9,COASTAL_OROGRAPHIC,0.41,5611.2,270.67,59.77,0.57,4.83,0.0,67.39
15.3647,75.124,2025-08-24,1361.63,300.73,63.92,8.42,12.41,0.0,762.35,DEPRESSION,0.0,5512.88,268.64,85.33,9.67,-0.58,24.07,1113.23
17.3297,76.8343,2025-08-24,1525.11,301.42,72.24,8.19,-0.03,3.54,458.56,NORMAL,3.91,5393.67,270.77,30.61,-0.8,-1.12,0.0,97.35
12.9716,77.5946,2025-09-08,1561.82,301.43,59.21,-0.27,1.8,0.0,124.42,NORMAL,0.0,5577.57,270.27,82.89,2.0,0.24,2.25,692.14
12.2958,76.6394,2025-09-08,1472.08,296.58,45.52,-0.62,-4.46,0.0,197.45,NORMAL,0.1,5480.25,268.31,67.85,-6.86,-3.92,0.0,312.11
12.9141,74.856,2025-09-08,1525.27,299.41,94.19,-1.61,-7.7,0.0,280.3,COASTAL_OROGRAPHIC,0.0,5392.69,268.77,47.66,-1.6,-0.05,0.0,97.76
15.3647,75.124,2025-09-08,1520.29,300.87,34.92,3.37,0.92,0.0,115.45,COASTAL_OROGRAPHIC,0.0,5591.36,269.53,49.8,-6.35,3.85,0.0,85.79
17.3297,76.8343,2025-09-08,1451.28,297.88,20.47,2.36,10.26,0.0,102.47,NORMAL,0.0,5503.01,270.71,22.23,8.13,2.81,0.0,0.0
12.9716,77.5946,2025-09-23,1568.49,302.81,77.72,3.72,1.35,0.0,677.81,ACTIVE,0.0,5444.22,268.32,35.74,0.87,3.6,0.0,185.92
12.2958,76.6394,2025-09-23,1488.17,294.82,84.02,-3.55,-5.73,0.93,890.33,ACTIVE,1.24,5357.91,263.86,42.68,3.64,-1.1,0.0,139.11
12.9141,74.856,2025-09-23,1520.6,295.01,87.79,0.47,5.04,15.13,519.94,COASTAL_OROGRAPHIC,16.6,5503.53,268.32,56.77,1.2,-1.87,0.0,45.99
15.3647,75.124,2025-09-23,1481.66,298.7,55.4,0.43,7.12,0.0,0.0,COASTAL_OROGRAPHIC,0.1,5502.66,266.6,60.45,0.49,4.37,0.0,743.98
17.3297,76.8343,2025-09-23,1435.53,302.09,45.93,1.59,3.25,0.0,117.38,NORMAL,0.0,5454.04,275.38,44.87,3.86,1.07,0.0,64.32
12.9716,77.5946,2025-10-08,1481.3,299.73,51.26,6.81,-5.69,0.0,57.22,NORMAL,0.0,5698.64,272.14,72.52,-1.71,-0.53,0.0,675.0
12.2958,76.6394,2025-10-08,1505.67,297.17,76.9,1.74,-1.87,0.0,1007.67,ACTIVE,0.0,5569.66,268.3,85.4,-4.39,-3.9,0.0,634.53
12.9141,74.856,2025-10-08,1444.93,292.0,80.66,3.75,-3.92,23.25,333.98,COASTAL_OROGRAPHIC,25.38,5478.81,268.09,47.66,4.77,2.68,0.0,162.96
15.3647,75.124,2025-10-08,1545.47,299.57,75.36,7.04,1.38,4.52,0.0,COASTAL_OROGRAPHIC,5.05,5471.63,270.68,60.18,-8.39,1.8,0.0,0.0
17.3297,76.8343,2025-10-08,1519.82,298.5,35.03,10.26,-2.02,0.0,209.16,NORMAL,0.1,5611.07,270.23,68.47,7.8,2.65,0.0,597.18
12.9716,77.5946,2025-10-23,1495.49,301.91,74.07,-3.25,3.74,0.84,936.21,NORMAL,0.96,5572.13,274.22,55.36,7.35,0.98,0.0,87.6
12.2958,76.6394,2025-10-23,1553.93,298.36,31.45,-0.96,2.31,0.0,123.43,NORMAL,0.1,5457.2,271.44,42.4,4.78,5.33,0.0,52.86
12.9141,74.856,2025-10-23,1485.63,299.22,67.29,2.06,4.47,0.0,1509.35,COASTAL_OROGRAPHIC,0.1,5309.13,270.15,38.73,-0.72,-3.31,0.0,111.29
15.3647,75.124,2025-10-23,1555.56,298.9,63.82,4.39,-2.67,0.0,512.64,COASTAL_OROGRAPHIC,0.1,5539.13,271.98,57.78,1.17,-2.88,0.0,8.75
17.3297,76.8343,2025-10-23,1573.54,295.01,62.45,14.13,2.47,0.0,571.88,DEPRESSION,0.0,5290.21,270.38,73.98,9.55,-10.87,0.0,787.1
12.9716,77.5946,2025-11-07,1549.3,298.77,58.9,5.69,4.38,0.0,103.99,NORMAL,0.0,5609.25,272.55,43.69,-0.54,4.26,0.0,37.56
12.2958,76.6394,2025-11-07,1415.83,297.86,62.58,4.52,-4.83,0.0,0.0,BREAK,0.1,5404.21,264.84,55.57,2.12,-3.42,0.0,172.51
12.9141,74.856,2025-11-07,1565.36,298.24,75.6,-7.78,-5.22,0.0,713.72,DEPRESSION,0.0,5535.76,273.18,81.13,-6.31,7.2,3.92,799.88
15.3647,75.124,2025-11-07,1502.2,304.16,68.22,-0.45,4.12,0.0,580.63,COASTAL_OROGRAPHIC,0.0,5674.41,265.61,38.07,-4.55,-0.37,0.0,34.07
17.3297,76.8343,2025-11-07,1526.6,300.65,51.86,-10.22,-3.07,0.0,148.01,NORMAL,0.0,5513.48,268.47,20.43,-3.35,0.09,0.0,54.75
12.9716,77.5946,2025-11-22,1417.22,299.05,78.07,-5.85,7.11,0.0,350.57,ACTIVE,0.1,5806.75,271.17,47.27,1.65,3.9,0.0,48.06
12.2958,76.6394,2025-11-22,1489.51,296.49,91.33,4.9,2.87,0.32,233.99,ACTIVE,0.44,5438.84,267.91,59.39,5.12,-5.98,0.0,74.98
12.9141,74.856,2025-11-22,1575.26,294.5,62.71,4.25,2.28,0.0,163.29,COASTAL_OROGRAPHIC,0.1,5350.89,274.34,94.99,-5.34,0.86,0.0,1381.94
15.3647,75.124,2025-11-22,1467.9,302.14,59.43,5.23,3.82,0.0,121.04,COASTAL_OROGRAPHIC,0.0,5443.93,272.44,72.31,-3.59,4.29,1.14,499.1
17.3297,76.8343,2025-11-22,1500.96,297.82,23.72,7.5,0.62,0.0,159.94,NORMAL,0.0,5447.36,274.45,24.6,0.53,1.8,0.0,134.93
12.9716,77.5946,2025-12-07,1507.61,299.56,32.68,2.96,3.94,0.0,160.62,NORMAL,0.1,5502.83,266.97,40.31,8.79,4.55,0.0,112.59
12.2958,76.6394,2025-12-07,1522.61,299.16,35.46,1.64,4.95,0.0,120.97,NORMAL,0.1,5469.47,267.57,36.5,-3.02,2.32,0.0,33.47
12.9141,74.856,2025-12-07,1464.27,298.61,73.55,-9.56,-1.39,0.0,304.0,COASTAL_OROGRAPHIC,0.0,5432.55,265.62,71.57,-9.35,-2.91,0.0,1532.12
15.3647,75.124,2025-12-07,1497.34,296.08,42.12,7.39,1.71,0.0,15.61,COASTAL_OROGRAPHIC,0.0,5450.26,269.87,73.59,8.95,8.81,1.7,283.06
17.3297,76.8343,2025-12-07,1494.93,305.58,38.83,0.12,2.04,0.0,71.4,NORMAL,0.1,5435.3,273.18,66.79,12.09,1.18,0.0,0.0
12.9716,77.5946,2025-12-22,1573.17,290.53,62.06,-2.16,-0.96,0.0,658.65,ACTIVE,0.1,5620.05,265.24,48.82,-2.13,1.19,0.0,177.2
12.2958,76.6394,2025-12-22,1502.06,299.29,34.77,-2.83,-2.25,0.0,31.24,NORMAL,0.1,5588.33,260.15,42.48,-10.62,-0.2,0.0,136.03
12.9141,74.856,2025-12-22,1465.16,299.28,65.06,-0.61,-4.8,0.0,121.21,COASTAL_OROGRAPHIC,0.1,5491.3,266.3,59.76,7.87,-6.52,0.0,97.92
15.3647,75.124,2025-12-22,1474.06,299.69,46.95,-1.23,4.39,0.0,73.94,COASTAL_OROGRAPHIC,0.1,5447.07,269.64,71.71,6.83,2.97,2.06,1479.43
17.3297,76.8343,2025-12-22,1496.06,301.78,20.03,-6.05,6.06,0.0,167.94,DEPRESSION,0.0,5489.86,273.13,71.49,10.4,-8.38,8.07,927.47
